LoginID,CustomerID,LoginDateTime,LoginIP,LoginDeviceType,LoginResult
1,194,2025-08-23 21:11:27,156.79.243.162,Tablet,Success
2,41,2025-03-13 21:36:55,147.167.123.6,Tablet,Failed
3,138,2025-02-06 11:49:10,96.135.244.139,Tablet,Suspicious
4,24,2025-08-11 06:25:09,198.167.128.17,Laptop,Failed
5,127,2025-01-02 10:25:13,166.108.193.241,Tablet,Failed
6,8,2024-10-07 15:32:54,53.18.228.11,Mobile,Success
7,191,2025-06-26 22:18:50,90.94.199.165,Mobile,Suspicious
8,39,2024-09-15 02:50:00,173.201.149.86,Tablet,Suspicious
9,36,2024-10-02 15:07:52,164.42.165.75,Mobile,Failed
10,46,2025-06-06 09:18:47,76.57.178.57,Mobile,Suspicious
11,189,2024-09-22 00:17:40,111.79.78.57,Laptop,Failed
12,51,2024-11-09 21:52:08,80.47.242.15,Tablet,Failed
13,104,2025-01-31 19:44:36,10.152.109.70,Laptop,Suspicious
14,95,2024-10-02 04:50:15,33.188.211.15,Tablet,Success
15,4,2025-05-23 15:08:43,213.208.186.12,Laptop,Success
16,122,2025-01-23 23:05:45,75.121.35.74,Tablet,Failed
17,55,2024-09-24 14:36:10,104.155.174.114,Laptop,Failed
18,192,2024-12-30 20:35:09,158.191.60.132,Laptop,Failed
19,72,2025-01-29 03:12:06,154.70.92.180,Tablet,Failed
20,30,2025-07-11 04:06:21,36.7.227.121,Mobile,Success
21,183,2024-12-21 09:45:59,116.5.24.205,Tablet,Failed
22,146,2025-01-04 01:43:01,167.232.93.189,Mobile,Success
23,63,2024-12-07 11:17:39,51.46.148.20,Laptop,Success
24,38,2024-09-26 10:07:11,44.90.100.146,Mobile,Suspicious
25,139,2024-10-12 02:33:02,33.111.37.185,Tablet,Success
26,76,2024-09-26 13:02:48,9.80.73.130,Laptop,Failed
27,102,2025-07-04 01:55:02,87.27.65.56,Tablet,Suspicious
28,191,2024-10-21 18:41:33,20.178.248.81,Laptop,Failed
29,26,2025-02-20 22:33:00,52.224.174.132,Mobile,Success
30,73,2025-01-15 19:50:26,107.95.231.25,Laptop,Failed
31,100,2024-10-05 16:27:43,70.48.46.112,Tablet,Suspicious
32,60,2025-08-11 15:09:20,32.184.138.109,Tablet,Failed
33,88,2024-12-18 02:46:49,118.172.25.3,Mobile,Failed
34,17,2025-08-25 11:26:50,143.149.70.17,Tablet,Failed
35,27,2025-03-31 08:52:33,193.229.153.96,Tablet,Success
36,154,2024-09-04 04:42:39,100.55.17.43,Mobile,Success
37,176,2024-09-30 06:21:58,188.68.66.199,Tablet,Success
38,64,2024-10-17 16:11:05,2.64.198.147,Laptop,Suspicious
39,25,2024-09-27 22:49:47,11.193.201.60,Laptop,Suspicious
40,185,2025-04-14 07:17:06,159.104.100.201,Mobile,Success
41,61,2025-04-26 16:16:06,28.178.36.138,Mobile,Failed
42,19,2025-05-23 00:38:18,33.27.240.157,Mobile,Success
43,32,2024-10-27 10:24:53,36.117.43.231,Tablet,Success
44,24,2025-05-23 10:24:44,215.84.68.64,Laptop,Failed
45,164,2024-10-12 21:42:31,106.57.133.100,Tablet,Failed
46,17,2024-10-16 07:00:09,129.116.88.64,Mobile,Suspicious
47,70,2025-04-03 23:39:29,213.198.97.54,Mobile,Failed
48,182,2025-02-23 11:00:32,97.13.140.121,Tablet,Failed
49,108,2025-01-02 09:23:15,198.168.70.163,Laptop,Suspicious
50,52,2025-07-01 09:10:00,67.238.193.56,Laptop,Suspicious
51,56,2025-08-20 23:13:17,189.46.201.254,Tablet,Failed
52,126,2024-10-05 04:04:50,184.12.5.243,Laptop,Suspicious
53,200,2025-03-10 18:19:55,47.90.104.238,Mobile,Failed
54,46,2024-11-08 17:01:38,160.29.233.129,Laptop,Suspicious
55,47,2025-04-29 09:14:30,56.187.237.146,Mobile,Success
56,171,2024-09-22 14:24:47,165.43.163.160,Laptop,Failed
57,91,2024-12-02 17:05:57,38.242.64.17,Mobile,Success
58,162,2025-02-09 17:44:18,75.204.243.13,Mobile,Suspicious
59,55,2024-10-03 23:02:57,55.76.35.165,Mobile,Suspicious
60,186,2025-06-22 02:11:30,147.177.117.2,Mobile,Success
61,59,2025-01-13 08:36:50,183.222.150.59,Tablet,Failed
62,71,2025-07-31 13:33:44,128.134.234.179,Mobile,Success
63,195,2025-07-09 08:40:05,34.171.103.166,Mobile,Suspicious
64,164,2024-11-12 06:10:36,116.161.194.244,Tablet,Failed
65,21,2024-11-10 10:12:55,192.37.84.186,Tablet,Success
66,158,2024-11-07 10:33:21,89.100.72.98,Laptop,Suspicious
67,75,2025-08-06 18:04:26,159.170.201.237,Laptop,Failed
68,122,2025-08-24 06:28:02,77.1.116.195,Mobile,Failed
69,29,2025-03-10 07:46:37,110.172.244.144,Laptop,Failed
70,125,2025-03-12 11:53:19,62.79.167.143,Mobile,Failed
71,147,2025-01-22 06:03:50,218.181.140.26,Mobile,Suspicious
72,69,2024-12-16 17:33:53,149.91.223.232,Tablet,Failed
73,7,2025-04-26 06:02:51,91.127.228.152,Laptop,Failed
74,163,2025-07-06 11:30:08,169.93.74.241,Laptop,Success
75,41,2025-05-18 04:58:37,129.124.0.38,Laptop,Success
76,75,2025-03-12 19:35:44,156.240.202.169,Mobile,Success
77,197,2024-11-24 11:30:38,37.210.5.103,Tablet,Failed
78,185,2025-07-31 18:40:00,213.150.11.90,Tablet,Success
79,127,2025-08-27 19:12:22,41.2.218.252,Laptop,Suspicious
80,35,2025-06-28 00:08:39,162.230.124.39,Mobile,Suspicious
81,94,2024-10-22 11:13:18,84.222.25.15,Tablet,Suspicious
82,12,2025-06-11 23:01:46,215.9.203.69,Tablet,Suspicious
83,100,2025-09-02 23:26:03,60.54.116.91,Mobile,Suspicious
84,178,2025-01-16 07:55:17,49.186.103.36,Mobile,Suspicious
85,191,2025-07-11 00:32:23,125.41.214.147,Tablet,Suspicious
86,145,2025-02-15 13:24:36,69.193.66.182,Mobile,Suspicious
87,6,2025-08-21 05:31:58,98.249.119.204,Laptop,Success
88,178,2025-05-22 12:52:51,16.79.25.228,Laptop,Success
89,101,2024-12-04 04:13:43,98.74.181.250,Mobile,Failed
90,137,2025-08-04 22:42:10,199.253.135.237,Laptop,Success
91,140,2025-04-28 17:53:48,153.3.110.198,Tablet,Suspicious
92,1,2025-01-18 09:34:33,168.196.102.187,Laptop,Failed
93,81,2025-05-02 17:41:23,173.229.79.245,Tablet,Suspicious
94,186,2025-03-09 03:50:02,70.21.69.147,Mobile,Suspicious
95,150,2024-12-13 13:32:45,192.119.73.26,Laptop,Failed
96,49,2024-11-25 02:23:19,90.252.74.69,Tablet,Failed
97,39,2024-11-25 00:46:03,134.39.77.166,Tablet,Suspicious
98,130,2025-03-21 15:22:30,114.232.129.1,Mobile,Success
99,187,2025-05-30 20:25:24,41.77.196.223,Tablet,Suspicious
100,107,2024-10-11 00:56:50,79.126.207.59,Mobile,Failed
101,15,2024-12-30 16:21:48,65.193.185.32,Mobile,Success
102,48,2025-06-04 03:09:26,80.84.195.107,Mobile,Suspicious
103,44,2024-12-21 20:01:39,175.159.31.9,Laptop,Suspicious
104,150,2025-01-31 09:05:35,112.248.196.73,Tablet,Suspicious
105,20,2025-08-25 11:32:55,184.41.40.248,Tablet,Success
106,175,2024-11-18 12:41:33,167.174.97.132,Laptop,Failed
107,183,2025-04-04 12:17:02,173.84.232.36,Laptop,Suspicious
108,159,2025-01-26 19:00:09,191.220.2.76,Mobile,Failed
109,162,2025-05-12 01:40:14,193.64.245.44,Laptop,Failed
110,170,2024-10-13 18:02:19,91.147.178.191,Tablet,Failed
111,179,2024-11-29 03:53:00,31.96.24.40,Tablet,Suspicious
112,33,2024-10-11 07:00:16,55.239.51.121,Tablet,Success
113,116,2025-07-07 03:56:10,149.28.162.142,Tablet,Suspicious
114,65,2025-07-06 03:53:44,50.17.230.238,Tablet,Success
115,46,2024-10-01 23:23:21,126.209.74.8,Mobile,Success
116,52,2025-06-28 21:11:57,69.152.122.93,Mobile,Success
117,159,2025-05-27 03:28:34,192.239.217.127,Laptop,Suspicious
118,166,2024-10-29 16:10:03,10.161.50.214,Mobile,Failed
119,76,2024-09-16 08:40:49,150.220.175.126,Laptop,Suspicious
120,18,2024-11-12 21:08:11,25.1.17.13,Tablet,Success
121,164,2025-05-30 13:20:36,178.97.1.93,Laptop,Success
122,142,2024-12-28 07:13:04,157.76.230.15,Laptop,Success
123,2,2025-06-09 10:46:04,205.54.87.233,Tablet,Failed
124,104,2025-08-02 17:22:24,28.200.59.73,Mobile,Suspicious
125,30,2025-01-25 08:03:28,208.188.204.177,Tablet,Failed
126,61,2024-10-29 16:47:23,178.213.160.25,Laptop,Success
127,78,2024-11-06 08:21:47,157.132.61.171,Mobile,Success
128,141,2025-08-04 20:44:48,183.23.117.111,Mobile,Failed
129,3,2025-01-29 19:43:21,159.136.12.183,Laptop,Suspicious
130,8,2025-05-19 23:12:46,171.44.190.64,Mobile,Success
131,148,2025-04-01 09:16:16,35.39.153.119,Tablet,Success
132,124,2025-04-18 03:15:30,201.191.187.74,Tablet,Success
133,144,2025-05-21 06:01:30,191.181.135.149,Tablet,Failed
134,63,2025-03-23 03:34:12,60.66.203.117,Tablet,Success
135,77,2024-10-08 02:01:11,78.229.245.174,Mobile,Failed
136,54,2024-12-25 19:03:00,6.54.101.149,Tablet,Suspicious
137,197,2025-01-12 04:16:06,32.97.42.47,Mobile,Success
138,102,2025-04-18 05:56:54,10.208.80.112,Mobile,Failed
139,123,2025-01-22 05:44:35,194.215.226.213,Laptop,Success
140,101,2025-06-25 09:03:35,220.169.155.115,Mobile,Success
141,84,2025-08-14 15:22:09,87.183.30.217,Laptop,Success
142,66,2025-06-16 14:19:17,28.247.30.76,Laptop,Success
143,144,2024-10-25 05:41:00,217.187.189.104,Mobile,Success
144,33,2025-08-19 17:52:36,205.51.67.195,Tablet,Failed
145,160,2025-06-13 14:03:06,83.151.12.190,Mobile,Success
146,135,2024-09-12 03:56:59,126.105.13.121,Tablet,Success
147,9,2025-02-13 09:29:19,204.244.13.47,Laptop,Suspicious
148,157,2025-05-18 05:30:53,41.113.154.61,Laptop,Failed
149,3,2025-03-13 06:28:58,13.8.136.30,Mobile,Suspicious
150,189,2025-09-01 20:21:46,31.57.69.89,Tablet,Success
151,37,2025-02-23 08:05:58,174.125.189.104,Laptop,Success
152,74,2025-04-09 22:47:05,134.110.102.129,Mobile,Suspicious
153,197,2025-02-07 18:58:05,108.238.171.209,Tablet,Failed
154,38,2025-06-13 08:47:50,92.169.128.34,Mobile,Success
155,35,2024-10-17 09:10:05,209.64.238.73,Tablet,Failed
156,166,2025-02-01 09:48:13,184.170.233.87,Tablet,Suspicious
157,179,2024-12-29 03:48:14,165.56.112.141,Mobile,Suspicious
158,188,2024-12-31 13:16:21,176.22.254.46,Mobile,Success
159,172,2025-08-22 19:26:20,168.179.174.53,Mobile,Failed
160,139,2025-05-09 10:19:57,52.30.30.46,Laptop,Failed
161,94,2024-10-16 08:02:00,9.237.93.35,Tablet,Failed
162,136,2024-11-05 19:45:36,30.75.101.35,Laptop,Failed
163,51,2025-03-12 06:04:19,208.111.209.166,Tablet,Suspicious
164,100,2025-06-03 23:33:02,40.85.49.187,Laptop,Suspicious
165,169,2025-03-08 04:41:44,185.153.51.89,Tablet,Failed
166,112,2025-08-17 10:11:41,189.174.55.177,Mobile,Success
167,52,2025-05-31 09:30:30,181.194.151.127,Mobile,Suspicious
168,125,2024-12-15 09:12:48,130.141.158.196,Laptop,Suspicious
169,56,2025-07-06 21:06:17,211.236.161.251,Tablet,Failed
170,151,2024-10-21 03:20:29,210.215.185.200,Laptop,Success
171,194,2025-01-13 04:48:05,155.73.189.167,Laptop,Success
172,107,2025-02-18 07:38:14,214.169.11.88,Laptop,Suspicious
173,173,2025-04-25 06:45:23,208.235.219.9,Laptop,Suspicious
174,42,2024-12-23 19:08:39,211.62.72.149,Tablet,Suspicious
175,65,2025-04-28 11:02:59,138.18.10.158,Laptop,Failed
176,192,2024-11-07 19:10:37,44.201.75.124,Mobile,Success
177,189,2025-01-23 12:32:06,217.89.16.248,Tablet,Failed
178,177,2025-03-08 04:09:01,31.23.102.115,Laptop,Failed
179,130,2025-08-23 03:15:27,163.16.77.190,Laptop,Suspicious
180,52,2025-04-11 13:30:54,157.178.163.6,Tablet,Success
181,91,2025-08-12 02:08:09,102.158.169.249,Laptop,Failed
182,18,2025-02-22 08:19:53,154.0.238.232,Laptop,Suspicious
183,54,2024-10-17 13:06:06,201.100.215.112,Mobile,Success
184,63,2025-08-05 18:05:36,108.60.54.138,Mobile,Success
185,99,2025-03-14 18:28:48,53.135.190.145,Mobile,Success
186,129,2025-04-16 02:12:04,59.193.163.120,Mobile,Suspicious
187,6,2025-03-05 06:10:41,117.121.107.73,Mobile,Failed
188,66,2025-05-21 11:33:49,137.21.30.202,Tablet,Success
189,189,2024-12-06 23:24:22,153.216.150.140,Mobile,Failed
190,151,2025-03-14 05:29:35,137.132.184.55,Laptop,Suspicious
191,197,2025-05-04 17:20:17,34.250.11.156,Laptop,Suspicious
192,84,2025-05-31 14:40:55,194.252.131.75,Tablet,Success
193,4,2025-04-14 02:15:26,173.138.58.244,Laptop,Failed
194,23,2024-12-17 09:39:57,146.122.36.246,Mobile,Suspicious
195,108,2025-03-13 18:23:00,76.55.242.182,Tablet,Suspicious
196,76,2024-10-13 10:37:57,211.173.159.151,Tablet,Suspicious
197,123,2025-06-12 22:19:04,124.53.50.158,Tablet,Failed
198,82,2024-11-02 16:52:58,82.251.140.216,Laptop,Failed
199,106,2025-04-26 11:04:16,122.136.245.40,Mobile,Failed
200,103,2025-04-23 10:12:17,76.56.38.48,Laptop,Failed
201,37,2025-08-06 12:14:40,6.204.207.175,Tablet,Success
202,109,2025-04-23 17:35:34,73.207.18.147,Tablet,Success
203,59,2025-07-26 06:51:01,214.251.177.134,Mobile,Success
204,170,2025-02-05 17:14:37,166.248.150.100,Tablet,Success
205,30,2024-09-05 00:14:20,187.59.74.95,Tablet,Success
206,148,2025-06-14 19:16:01,21.183.230.213,Tablet,Failed
207,92,2025-03-26 01:48:30,220.199.56.173,Mobile,Success
208,173,2025-03-18 15:01:20,195.37.120.82,Mobile,Success
209,17,2024-11-01 22:58:19,186.0.218.245,Tablet,Suspicious
210,104,2024-11-27 02:59:14,125.119.22.3,Tablet,Failed
211,55,2024-12-09 12:58:24,97.94.162.172,Mobile,Failed
212,98,2025-01-16 16:23:09,87.240.93.248,Tablet,Failed
213,173,2025-01-04 15:42:48,147.71.138.137,Tablet,Failed
214,78,2024-10-29 16:43:27,148.175.40.57,Tablet,Success
215,73,2025-04-11 00:32:02,14.178.232.51,Tablet,Success
216,173,2025-05-24 22:13:29,75.211.31.8,Tablet,Failed
217,127,2025-02-14 01:13:08,182.180.55.178,Tablet,Failed
218,69,2025-07-21 08:06:31,71.163.122.197,Tablet,Success
219,94,2024-12-10 05:59:47,35.86.178.174,Mobile,Suspicious
220,123,2025-01-07 00:27:44,145.160.216.43,Laptop,Suspicious
221,178,2025-08-07 06:44:44,158.129.177.227,Laptop,Success
222,15,2025-05-04 06:47:11,183.20.230.64,Tablet,Failed
223,142,2024-09-05 10:06:57,119.50.163.212,Tablet,Failed
224,132,2025-07-10 09:07:55,54.57.194.149,Tablet,Failed
225,193,2025-08-31 22:05:45,79.80.99.197,Laptop,Suspicious
226,185,2025-05-27 12:16:11,135.33.72.248,Tablet,Success
227,81,2025-07-29 18:42:08,129.22.8.234,Laptop,Suspicious
228,51,2025-02-05 07:16:04,187.151.210.139,Laptop,Failed
229,199,2025-01-20 08:20:21,142.175.206.118,Laptop,Success
230,48,2025-06-28 00:35:27,144.209.102.108,Tablet,Suspicious
231,91,2024-11-04 23:39:12,78.67.27.110,Laptop,Failed
232,141,2024-09-19 07:25:25,133.117.0.155,Laptop,Success
233,153,2025-08-10 05:19:23,42.171.48.95,Tablet,Success
234,143,2025-07-01 15:13:13,167.16.140.189,Mobile,Suspicious
235,95,2024-09-20 19:37:28,198.174.104.211,Laptop,Failed
236,181,2025-01-15 14:57:00,202.35.124.150,Tablet,Success
237,9,2025-05-09 07:53:52,171.56.190.132,Laptop,Failed
238,176,2025-05-27 16:28:21,208.14.111.41,Tablet,Success
239,175,2024-11-26 20:12:41,24.37.249.116,Mobile,Failed
240,52,2025-03-12 04:18:18,96.169.225.18,Tablet,Success
241,30,2024-12-20 07:53:03,80.205.251.194,Laptop,Suspicious
242,200,2025-06-04 06:53:53,182.158.174.42,Laptop,Failed
243,73,2025-04-22 23:32:22,85.194.144.149,Tablet,Success
244,145,2025-02-15 14:43:06,194.169.207.164,Laptop,Success
245,103,2024-10-26 07:44:29,78.16.10.252,Laptop,Suspicious
246,93,2025-08-31 02:06:17,43.102.9.188,Tablet,Success
247,145,2025-08-09 17:34:55,93.252.207.111,Tablet,Success
248,48,2025-04-10 12:09:55,97.188.186.212,Tablet,Success
249,173,2025-03-15 23:19:41,106.108.0.57,Laptop,Failed
250,65,2024-09-18 03:57:16,104.93.195.229,Mobile,Failed
251,8,2025-03-20 09:37:25,106.182.61.168,Laptop,Failed
252,144,2024-09-25 01:24:09,100.175.58.72,Tablet,Success
253,126,2024-12-21 10:47:36,35.135.20.71,Mobile,Success
254,192,2025-08-26 09:29:24,45.15.225.209,Mobile,Success
255,155,2025-07-03 01:31:03,211.43.232.89,Tablet,Success
256,86,2025-05-29 08:57:27,128.34.225.57,Mobile,Success
257,55,2025-07-21 17:33:55,78.22.190.55,Mobile,Suspicious
258,37,2024-12-09 07:16:18,82.41.254.6,Tablet,Suspicious
259,200,2024-11-11 05:58:59,36.53.71.134,Laptop,Suspicious
260,90,2025-02-17 07:01:05,170.39.221.208,Mobile,Failed
261,193,2025-08-03 07:27:17,3.239.172.50,Tablet,Suspicious
262,52,2025-04-07 08:47:03,198.65.127.24,Mobile,Success
263,168,2025-07-15 01:14:47,57.123.167.55,Laptop,Suspicious
264,74,2025-07-30 22:43:22,177.127.251.250,Mobile,Failed
265,50,2025-06-06 20:14:39,107.75.5.31,Tablet,Success
266,19,2025-07-06 22:47:27,213.111.55.110,Laptop,Suspicious
267,11,2025-01-27 03:39:49,218.9.144.91,Mobile,Suspicious
268,112,2025-05-10 10:01:06,124.178.75.222,Mobile,Suspicious
269,47,2024-11-21 07:31:02,157.104.163.146,Mobile,Failed
270,49,2025-05-16 09:09:32,118.165.109.69,Mobile,Suspicious
271,169,2025-06-23 18:57:54,194.76.54.244,Tablet,Success
272,38,2025-07-27 03:49:31,175.79.78.222,Tablet,Success
273,191,2025-07-31 08:51:04,52.24.43.219,Tablet,Suspicious
274,2,2024-09-10 10:58:10,198.68.116.195,Mobile,Suspicious
275,41,2025-08-08 08:56:31,181.96.208.82,Laptop,Failed
276,100,2025-05-31 03:37:32,77.40.118.172,Laptop,Suspicious
277,51,2024-12-01 00:15:52,207.18.142.6,Laptop,Suspicious
278,28,2025-08-16 18:16:31,156.19.182.69,Laptop,Failed
279,66,2025-05-27 08:19:09,111.36.91.124,Laptop,Success
280,150,2024-11-04 18:53:26,191.111.140.161,Mobile,Suspicious
281,141,2025-07-22 14:51:43,112.3.225.231,Tablet,Failed
282,54,2025-02-05 14:09:07,185.100.26.98,Laptop,Success
283,15,2024-11-25 17:25:12,192.82.157.32,Tablet,Suspicious
284,147,2025-08-29 00:16:16,130.39.130.210,Laptop,Success
285,45,2025-01-27 16:10:45,133.65.12.77,Mobile,Success
286,55,2025-05-01 01:00:52,121.111.4.79,Tablet,Suspicious
287,112,2024-09-21 22:22:39,83.98.154.126,Laptop,Success
288,42,2025-01-19 23:35:41,104.174.135.228,Tablet,Failed
289,179,2024-11-21 09:22:28,137.13.99.120,Mobile,Suspicious
290,35,2025-04-19 22:55:12,98.68.185.112,Laptop,Failed
291,108,2025-06-30 10:09:38,211.30.71.183,Tablet,Success
292,171,2025-07-31 06:05:48,216.44.140.158,Mobile,Suspicious
293,187,2024-10-20 03:08:11,190.7.157.100,Laptop,Success
294,25,2025-04-25 13:17:46,170.233.96.63,Laptop,Suspicious
295,160,2025-05-15 05:03:00,11.190.148.74,Tablet,Success
296,197,2024-10-01 04:07:43,104.5.3.99,Laptop,Suspicious
297,105,2024-09-12 10:40:38,203.62.0.7,Tablet,Failed
298,24,2024-11-17 22:39:52,156.54.182.122,Laptop,Success
299,128,2024-10-21 18:00:27,22.143.223.129,Laptop,Success
300,1,2025-03-30 13:14:50,80.226.237.232,Mobile,Success
301,132,2025-03-18 11:44:25,73.51.125.73,Laptop,Failed
302,83,2024-12-05 15:24:09,215.46.165.203,Tablet,Failed
303,63,2025-07-13 22:14:24,93.225.119.183,Mobile,Success
304,21,2025-05-18 15:20:00,141.86.110.94,Mobile,Failed
305,127,2024-12-20 19:58:20,106.64.0.143,Tablet,Suspicious
306,105,2024-09-05 23:30:10,142.134.73.16,Tablet,Success
307,113,2024-10-14 18:26:25,61.147.68.86,Mobile,Failed
308,196,2025-06-06 08:55:50,61.223.170.177,Laptop,Failed
309,58,2025-05-15 14:42:58,208.110.113.138,Laptop,Success
310,126,2025-01-02 23:51:11,128.174.47.130,Tablet,Suspicious
311,186,2025-02-08 03:58:00,106.16.3.82,Tablet,Failed
312,172,2025-03-29 10:51:38,38.81.185.237,Mobile,Failed
313,111,2025-08-24 10:16:40,72.25.188.31,Mobile,Success
314,199,2025-04-14 20:01:14,154.253.207.192,Laptop,Suspicious
315,94,2024-11-24 20:18:19,14.70.157.214,Laptop,Success
316,198,2024-11-10 03:24:16,161.58.2.239,Tablet,Success
317,20,2025-01-28 21:07:36,78.40.165.155,Mobile,Suspicious
318,8,2025-04-08 04:21:22,200.7.21.66,Laptop,Success
319,180,2024-12-25 07:55:48,101.182.79.142,Tablet,Success
320,50,2025-02-11 00:55:48,116.215.225.91,Mobile,Success
321,181,2024-11-13 13:32:30,214.105.182.23,Tablet,Success
322,197,2024-12-20 20:14:00,13.85.149.40,Tablet,Success
323,199,2025-05-01 15:26:06,122.220.95.115,Tablet,Suspicious
324,21,2024-12-02 07:21:16,191.143.158.37,Laptop,Success
325,82,2025-02-03 05:42:47,114.224.174.159,Tablet,Suspicious
326,65,2024-09-05 19:26:34,73.123.109.231,Laptop,Suspicious
327,172,2025-05-23 16:28:20,56.154.186.175,Mobile,Failed
328,7,2025-07-24 04:26:01,32.81.228.63,Mobile,Suspicious
329,72,2025-05-03 18:42:58,81.129.11.243,Laptop,Suspicious
330,45,2024-11-23 19:50:54,73.137.221.244,Tablet,Failed
331,122,2025-07-21 08:57:46,36.165.213.30,Tablet,Suspicious
332,135,2025-07-03 06:13:11,87.228.102.64,Laptop,Failed
333,147,2024-11-25 15:53:34,106.230.75.85,Laptop,Failed
334,126,2025-01-05 19:29:00,106.243.126.148,Laptop,Failed
335,25,2025-02-21 09:42:27,122.91.37.211,Laptop,Success
336,19,2025-04-14 19:23:36,178.193.114.239,Laptop,Success
337,9,2025-08-06 22:25:23,106.146.58.212,Tablet,Success
338,5,2024-10-14 08:31:51,206.4.33.59,Laptop,Suspicious
339,189,2025-07-02 07:02:36,176.112.4.33,Mobile,Success
340,112,2024-12-13 17:53:27,113.255.95.84,Mobile,Success
341,200,2025-02-13 11:04:21,221.202.135.51,Laptop,Success
342,146,2025-02-13 13:08:50,181.179.121.193,Laptop,Failed
343,99,2024-12-24 12:59:45,106.30.125.174,Laptop,Failed
344,50,2025-05-17 12:39:46,10.176.27.91,Tablet,Failed
345,64,2025-04-11 12:45:15,193.108.240.255,Laptop,Suspicious
346,100,2025-04-24 18:58:05,73.18.36.208,Tablet,Success
347,31,2025-08-02 18:54:32,137.140.110.221,Laptop,Failed
348,86,2025-06-02 14:09:33,54.25.71.38,Laptop,Suspicious
349,120,2025-04-01 02:54:22,173.86.26.71,Laptop,Failed
350,32,2025-01-02 13:57:02,218.102.162.139,Laptop,Suspicious
351,186,2025-07-16 10:09:13,159.154.219.47,Mobile,Suspicious
352,172,2025-08-28 17:10:04,106.5.52.66,Mobile,Suspicious
353,98,2025-01-27 03:28:58,41.253.94.181,Tablet,Success
354,58,2025-06-12 03:38:33,44.175.36.243,Mobile,Suspicious
355,132,2024-11-19 17:36:51,26.65.182.253,Tablet,Failed
356,53,2025-04-28 01:32:11,15.216.250.208,Tablet,Success
357,124,2025-06-17 18:58:04,131.5.39.229,Tablet,Suspicious
358,146,2025-08-17 01:10:39,152.47.161.134,Tablet,Success
359,16,2024-10-02 01:28:36,150.85.132.152,Laptop,Failed
360,16,2025-07-04 15:31:05,162.209.100.137,Mobile,Suspicious
361,8,2025-01-27 23:38:54,6.64.130.1,Mobile,Failed
362,164,2025-05-28 10:49:01,185.20.164.144,Tablet,Success
363,108,2025-07-27 02:38:51,45.27.219.167,Tablet,Failed
364,186,2025-07-13 05:16:22,135.9.118.94,Mobile,Suspicious
365,13,2025-01-24 19:53:59,140.108.253.197,Mobile,Success
366,30,2025-04-17 08:25:26,39.47.178.35,Tablet,Suspicious
367,57,2025-01-21 03:40:12,30.187.131.14,Laptop,Suspicious
368,132,2025-05-04 13:53:17,105.169.23.205,Mobile,Success
369,57,2025-08-23 07:30:42,68.139.146.199,Tablet,Success
370,10,2025-08-24 18:41:08,13.207.145.226,Laptop,Failed
371,50,2025-05-24 06:45:02,196.65.85.187,Mobile,Suspicious
372,169,2025-06-25 00:19:14,187.29.105.251,Mobile,Suspicious
373,99,2025-04-22 23:25:58,171.182.82.200,Mobile,Success
374,180,2024-12-21 12:13:00,116.167.156.85,Laptop,Failed
375,40,2025-05-08 02:55:51,202.33.203.58,Tablet,Success
376,34,2024-10-11 12:59:40,35.167.53.77,Mobile,Failed
377,196,2024-10-12 09:48:04,46.244.169.142,Laptop,Failed
378,156,2025-05-10 17:08:56,204.186.140.201,Laptop,Success
379,21,2024-10-15 09:20:41,166.108.16.248,Tablet,Success
380,37,2025-05-07 16:28:01,45.64.92.121,Mobile,Success
381,29,2025-02-11 08:44:45,117.71.118.205,Laptop,Failed
382,62,2024-12-23 12:46:52,190.134.131.66,Mobile,Success
383,50,2024-11-18 06:18:33,54.219.127.4,Laptop,Failed
384,17,2025-03-20 02:59:16,29.82.203.86,Mobile,Success
385,124,2024-11-11 01:54:43,114.62.222.21,Tablet,Failed
386,83,2025-02-20 17:57:31,80.226.25.43,Mobile,Success
387,31,2025-06-28 20:21:24,137.190.100.238,Mobile,Failed
388,124,2025-06-08 18:38:49,103.253.101.125,Mobile,Suspicious
389,65,2024-11-20 22:53:32,179.225.153.136,Laptop,Suspicious
390,7,2024-10-09 03:43:33,116.140.0.121,Laptop,Failed
391,35,2025-02-03 17:56:03,110.100.137.16,Tablet,Success
392,2,2025-06-07 14:36:11,167.142.45.32,Tablet,Failed
393,35,2025-06-25 11:26:30,82.190.61.197,Laptop,Failed
394,57,2025-08-25 11:51:35,198.164.30.79,Mobile,Failed
395,46,2024-12-27 17:10:55,120.218.42.28,Mobile,Failed
396,72,2025-01-01 08:11:04,86.176.118.15,Tablet,Failed
397,50,2025-04-24 14:33:18,178.250.230.121,Laptop,Suspicious
398,141,2025-07-30 17:22:25,103.49.61.169,Laptop,Failed
399,128,2024-09-17 02:21:25,6.44.141.254,Laptop,Failed
400,111,2025-07-15 13:51:15,188.2.162.26,Tablet,Suspicious
401,84,2024-11-15 07:42:54,155.156.124.205,Tablet,Success
402,33,2025-07-05 12:56:37,182.46.250.66,Mobile,Failed
403,127,2025-02-02 09:10:04,207.22.68.86,Tablet,Failed
404,99,2025-05-27 14:38:57,192.34.76.195,Mobile,Success
405,200,2024-10-21 23:34:44,78.215.131.163,Laptop,Failed
406,183,2025-04-16 01:11:23,126.210.106.25,Tablet,Failed
407,43,2025-03-29 21:00:55,61.128.246.219,Laptop,Suspicious
408,55,2024-12-21 05:05:25,167.115.27.235,Mobile,Success
409,43,2024-10-04 06:34:34,122.159.107.182,Laptop,Suspicious
410,109,2025-07-11 13:39:31,71.84.220.137,Tablet,Suspicious
411,28,2024-09-15 19:32:54,26.57.150.12,Tablet,Suspicious
412,174,2025-05-22 23:06:06,210.66.231.46,Tablet,Success
413,171,2025-03-29 09:21:00,106.145.3.85,Tablet,Suspicious
414,153,2025-03-12 23:32:45,4.122.237.238,Laptop,Success
415,66,2024-11-02 01:02:32,84.233.14.102,Mobile,Success
416,174,2025-01-16 16:22:20,53.114.36.195,Laptop,Suspicious
417,25,2024-10-14 18:53:27,88.86.166.61,Tablet,Failed
418,99,2025-05-10 01:40:11,23.253.46.118,Mobile,Suspicious
419,128,2024-10-07 21:18:34,189.36.98.241,Mobile,Success
420,92,2025-07-06 17:34:06,114.13.237.93,Mobile,Suspicious
421,169,2025-02-18 13:32:24,150.132.112.74,Tablet,Suspicious
422,15,2025-08-05 21:26:22,209.208.223.224,Laptop,Failed
423,159,2025-06-28 23:04:52,96.16.224.169,Tablet,Suspicious
424,186,2025-07-08 20:55:30,51.131.71.201,Tablet,Suspicious
425,74,2025-02-02 03:43:23,206.10.72.5,Laptop,Suspicious
426,89,2024-12-21 12:42:57,23.116.32.168,Laptop,Suspicious
427,46,2025-08-01 08:33:51,56.35.156.22,Tablet,Failed
428,101,2025-08-16 15:48:27,68.87.20.174,Tablet,Suspicious
429,1,2025-08-10 17:48:09,129.237.28.109,Laptop,Suspicious
430,133,2025-06-10 22:59:33,112.173.235.55,Tablet,Suspicious
431,156,2024-11-04 08:33:35,218.189.252.150,Laptop,Success
432,145,2025-08-21 02:36:03,5.143.80.72,Mobile,Suspicious
433,62,2025-08-08 09:13:43,191.176.26.41,Mobile,Suspicious
434,70,2024-09-04 20:58:39,114.79.143.19,Laptop,Failed
435,31,2025-06-07 04:58:42,131.236.230.156,Mobile,Success
436,97,2025-08-21 19:02:03,58.246.140.52,Laptop,Success
437,17,2024-10-05 18:38:43,106.219.236.99,Laptop,Failed
438,54,2024-11-24 00:55:26,179.109.135.184,Mobile,Suspicious
439,69,2025-07-12 15:49:11,198.34.144.124,Tablet,Success
440,105,2025-06-25 11:24:08,103.239.6.37,Tablet,Suspicious
441,172,2024-12-24 04:31:42,147.78.56.139,Mobile,Suspicious
442,42,2025-05-26 23:57:57,166.70.185.14,Mobile,Success
443,59,2025-04-30 12:55:48,76.155.157.244,Tablet,Success
444,114,2025-07-14 08:42:24,174.125.126.59,Tablet,Success
445,32,2025-03-18 09:51:28,63.155.103.140,Mobile,Success
446,66,2024-12-14 21:42:25,124.235.135.209,Laptop,Suspicious
447,38,2025-02-27 12:14:39,82.189.199.73,Mobile,Failed
448,12,2025-06-02 05:32:14,67.129.49.233,Mobile,Failed
449,143,2025-01-24 08:10:08,99.243.240.33,Tablet,Suspicious
450,27,2025-06-21 19:19:31,103.53.143.15,Laptop,Failed
451,116,2025-01-09 14:51:37,192.64.107.15,Mobile,Failed
452,5,2024-12-26 09:57:58,9.186.224.245,Laptop,Suspicious
453,57,2025-06-10 01:49:52,13.52.81.173,Mobile,Success
454,154,2025-08-29 23:23:04,79.24.131.65,Laptop,Failed
455,162,2024-11-09 04:39:38,84.212.88.160,Tablet,Failed
456,18,2025-08-30 23:52:08,20.166.97.105,Tablet,Suspicious
457,30,2025-04-03 01:47:20,220.49.168.239,Mobile,Success
458,155,2024-10-27 04:36:39,97.254.48.243,Tablet,Success
459,43,2025-02-19 04:39:49,168.44.2.251,Laptop,Success
460,170,2024-11-26 15:05:34,183.244.159.211,Mobile,Suspicious
461,121,2025-07-05 20:51:38,38.89.133.84,Tablet,Suspicious
462,28,2025-04-08 06:52:20,182.243.218.76,Laptop,Failed
463,164,2025-02-25 04:13:38,80.229.77.224,Tablet,Failed
464,198,2025-07-08 05:32:36,186.176.234.137,Laptop,Suspicious
465,165,2025-07-18 04:29:00,137.4.183.146,Tablet,Success
466,104,2025-04-29 08:30:17,63.18.72.251,Tablet,Suspicious
467,80,2025-03-26 05:10:57,13.187.107.7,Tablet,Suspicious
468,53,2025-07-15 09:40:37,157.250.222.27,Laptop,Suspicious
469,129,2025-08-31 19:22:47,83.165.158.65,Laptop,Suspicious
470,182,2025-06-16 13:49:34,160.209.189.116,Mobile,Suspicious
471,32,2025-04-23 12:26:36,12.80.72.101,Tablet,Failed
472,191,2025-06-14 21:14:46,194.181.170.5,Mobile,Suspicious
473,79,2024-09-22 01:27:25,86.154.64.172,Mobile,Success
474,82,2024-12-15 06:04:37,106.0.77.221,Tablet,Suspicious
475,160,2024-12-09 16:58:41,100.161.158.43,Laptop,Suspicious
476,139,2025-02-04 16:53:44,188.113.136.169,Tablet,Suspicious
477,120,2025-04-19 02:47:34,93.129.94.3,Mobile,Suspicious
478,168,2024-12-12 14:17:46,4.121.249.170,Mobile,Suspicious
479,71,2025-06-23 11:40:31,144.78.124.29,Laptop,Failed
480,170,2024-10-12 18:08:28,139.130.176.123,Laptop,Suspicious
481,196,2025-07-20 11:53:25,17.231.224.8,Laptop,Suspicious
482,168,2025-04-29 12:08:15,145.137.93.82,Tablet,Failed
483,42,2025-06-13 06:38:35,102.110.131.245,Mobile,Suspicious
484,9,2025-06-20 23:06:20,146.180.175.61,Laptop,Failed
485,62,2025-08-27 16:25:46,189.5.96.7,Mobile,Suspicious
486,16,2025-02-23 12:30:49,173.248.125.167,Mobile,Suspicious
487,50,2024-10-07 21:25:30,94.101.86.28,Tablet,Suspicious
488,198,2025-02-01 09:35:43,219.172.129.238,Mobile,Success
489,66,2025-01-28 05:23:43,128.238.128.156,Tablet,Success
490,71,2025-04-10 04:19:18,149.26.104.228,Tablet,Suspicious
491,108,2024-09-30 22:12:16,92.90.81.48,Mobile,Failed
492,5,2025-05-29 19:35:22,3.155.204.25,Tablet,Failed
493,165,2024-12-07 17:01:04,169.171.182.237,Laptop,Success
494,30,2025-06-19 09:42:01,213.244.235.31,Mobile,Suspicious
495,193,2025-06-30 12:10:07,66.176.229.187,Tablet,Suspicious
496,35,2025-02-08 02:16:41,5.82.167.151,Mobile,Failed
497,179,2025-02-08 04:00:33,10.139.139.24,Tablet,Suspicious
498,38,2024-11-30 04:45:49,119.81.202.187,Laptop,Success
499,112,2024-11-30 08:57:00,136.48.129.44,Laptop,Failed
500,77,2025-02-22 11:20:33,72.241.188.22,Tablet,Suspicious
501,100,2025-02-11 22:48:28,9.179.193.57,Mobile,Suspicious
502,143,2024-09-09 02:54:33,23.45.241.22,Laptop,Suspicious
503,13,2024-10-17 16:42:29,147.131.245.194,Tablet,Success
504,166,2025-08-30 17:47:10,117.159.47.225,Laptop,Suspicious
505,174,2024-10-29 18:54:50,209.108.78.188,Laptop,Success
506,190,2025-07-29 23:56:51,190.53.252.207,Laptop,Failed
507,109,2025-06-11 14:35:03,144.53.80.43,Mobile,Failed
508,170,2024-09-28 13:29:22,63.245.194.123,Mobile,Suspicious
509,82,2025-05-23 23:11:13,185.70.209.52,Mobile,Failed
510,175,2025-08-24 10:40:51,154.127.106.119,Mobile,Failed
511,91,2025-05-10 13:24:49,28.3.255.59,Laptop,Failed
512,14,2025-03-24 03:40:10,71.21.193.141,Mobile,Success
513,54,2025-04-28 00:01:50,221.201.105.158,Laptop,Suspicious
514,148,2025-02-05 10:56:41,184.128.96.165,Laptop,Failed
515,54,2025-03-24 17:49:34,108.34.149.41,Tablet,Failed
516,131,2025-05-25 00:51:57,220.3.142.60,Laptop,Success
517,91,2025-02-23 22:37:25,108.5.6.236,Laptop,Suspicious
518,39,2025-01-08 02:34:20,92.29.137.71,Laptop,Success
519,73,2025-07-07 07:12:08,121.245.218.4,Mobile,Suspicious
520,144,2025-03-10 11:45:25,215.131.91.230,Mobile,Failed
521,3,2025-03-21 03:52:08,171.197.227.173,Mobile,Success
522,90,2025-09-03 06:41:31,151.29.186.204,Mobile,Success
523,126,2025-01-03 00:27:14,106.66.205.206,Mobile,Success
524,82,2025-06-04 01:06:10,96.4.222.37,Mobile,Failed
525,49,2025-07-11 22:37:04,171.174.245.215,Mobile,Failed
526,93,2025-02-18 02:20:05,61.164.222.45,Tablet,Success
527,104,2025-06-17 02:54:05,96.115.162.254,Tablet,Failed
528,43,2024-10-29 13:27:25,190.54.54.194,Tablet,Success
529,36,2025-07-17 03:27:47,6.92.116.115,Laptop,Failed
530,140,2024-10-21 17:59:46,35.156.37.79,Tablet,Success
531,76,2025-02-13 12:06:03,106.12.206.203,Laptop,Success
532,110,2025-02-10 15:41:06,121.10.189.230,Mobile,Success
533,38,2025-08-14 12:30:04,130.181.110.117,Mobile,Success
534,129,2024-11-25 08:30:04,86.68.241.41,Mobile,Suspicious
535,190,2025-03-11 07:02:59,152.115.48.4,Tablet,Failed
536,71,2025-02-28 08:21:39,123.190.133.198,Mobile,Failed
537,176,2025-04-28 21:32:31,81.45.143.27,Tablet,Suspicious
538,197,2025-05-09 04:50:07,125.110.51.2,Mobile,Success
539,153,2025-03-06 07:12:31,69.205.71.152,Laptop,Failed
540,6,2024-09-26 06:46:52,222.203.246.41,Laptop,Suspicious
541,168,2025-07-12 05:34:45,56.135.183.94,Tablet,Suspicious
542,28,2024-11-14 11:34:06,153.111.105.181,Tablet,Success
543,197,2025-08-16 07:12:42,1.239.186.6,Tablet,Suspicious
544,176,2024-12-25 18:27:09,154.137.131.12,Laptop,Success
545,52,2024-12-08 00:30:51,70.226.35.222,Tablet,Success
546,194,2024-09-16 04:39:20,114.54.144.252,Laptop,Success
547,66,2025-07-08 10:54:42,19.221.219.1,Laptop,Suspicious
548,180,2024-09-04 08:41:06,52.29.146.148,Mobile,Success
549,66,2024-12-30 22:11:45,54.220.57.196,Tablet,Failed
550,95,2025-08-04 21:29:22,22.167.222.235,Tablet,Success
551,71,2025-05-13 13:50:02,137.31.84.222,Tablet,Suspicious
552,110,2025-03-13 23:32:19,97.30.34.77,Tablet,Failed
553,40,2025-05-27 11:39:52,202.252.52.93,Mobile,Failed
554,80,2025-06-05 22:00:54,105.76.131.23,Mobile,Success
555,175,2025-03-26 03:01:17,15.38.76.113,Mobile,Failed
556,162,2024-11-30 14:54:44,43.101.176.143,Tablet,Success
557,27,2024-10-10 02:12:48,108.234.140.93,Laptop,Success
558,167,2025-01-12 22:59:38,120.33.156.224,Tablet,Success
559,135,2024-12-11 09:58:19,220.19.127.147,Laptop,Suspicious
560,129,2025-01-09 23:52:33,177.156.82.7,Mobile,Failed
561,133,2025-08-24 21:56:43,172.45.83.112,Mobile,Success
562,47,2025-04-03 02:35:27,30.17.163.82,Tablet,Success
563,101,2025-06-03 19:57:07,63.22.171.146,Laptop,Failed
564,95,2025-01-03 15:49:45,170.252.152.155,Tablet,Success
565,142,2025-08-28 18:59:24,163.242.103.195,Laptop,Suspicious
566,8,2025-03-16 09:18:33,52.253.134.112,Tablet,Failed
567,42,2025-04-08 19:16:35,58.18.136.217,Mobile,Success
568,186,2024-10-27 05:03:36,83.194.160.184,Tablet,Success
569,80,2025-04-21 09:36:16,183.118.90.15,Laptop,Failed
570,16,2024-11-10 21:36:09,184.196.230.202,Laptop,Failed
571,21,2025-07-18 10:32:53,171.75.90.197,Mobile,Suspicious
572,159,2025-06-30 02:49:07,174.229.193.180,Laptop,Failed
573,83,2025-04-18 06:31:30,57.180.242.11,Mobile,Suspicious
574,102,2025-08-18 03:45:35,157.226.138.100,Mobile,Success
575,8,2025-04-26 05:14:11,75.153.57.237,Mobile,Failed
576,58,2024-12-08 15:52:34,24.1.222.227,Mobile,Failed
577,3,2025-02-25 19:00:47,190.237.225.43,Tablet,Failed
578,26,2025-03-28 07:10:08,113.100.195.160,Laptop,Suspicious
579,138,2024-12-01 13:03:02,3.179.253.247,Tablet,Failed
580,31,2025-08-03 01:17:36,214.122.116.103,Laptop,Success
581,131,2024-12-02 18:37:40,83.152.9.74,Tablet,Suspicious
582,37,2025-03-03 06:34:43,177.171.153.199,Mobile,Suspicious
583,157,2025-03-01 02:54:11,99.77.35.149,Tablet,Success
584,179,2025-07-29 03:35:17,48.243.75.253,Laptop,Success
585,176,2024-09-29 22:56:37,1.157.224.252,Tablet,Success
586,166,2024-09-26 23:00:51,133.48.171.74,Tablet,Failed
587,198,2025-04-16 06:17:57,129.193.123.166,Laptop,Success
588,151,2025-07-27 02:56:10,59.156.80.12,Tablet,Success
589,84,2025-06-05 12:56:40,186.216.39.215,Tablet,Success
590,187,2024-11-14 02:12:18,214.110.179.95,Mobile,Success
591,88,2025-04-01 10:22:46,202.36.60.176,Laptop,Success
592,162,2025-06-01 16:15:46,217.177.185.176,Mobile,Suspicious
593,44,2024-10-06 18:18:16,5.147.0.245,Laptop,Success
594,19,2025-06-29 12:58:27,45.139.41.45,Mobile,Success
595,24,2025-08-31 20:03:41,209.36.185.193,Mobile,Suspicious
596,159,2025-07-25 13:58:31,113.202.46.154,Laptop,Success
597,64,2025-06-01 21:13:12,33.222.202.195,Laptop,Failed
598,87,2024-12-06 15:14:01,45.190.255.166,Laptop,Success
599,149,2025-03-02 04:12:18,144.63.93.91,Mobile,Success
600,37,2025-05-09 16:48:22,30.191.187.184,Mobile,Failed
601,147,2025-07-01 12:22:56,86.6.51.153,Laptop,Suspicious
602,22,2024-11-24 17:46:14,123.15.198.101,Tablet,Failed
603,41,2024-11-18 23:03:57,78.214.171.121,Laptop,Failed
604,78,2025-09-01 23:44:11,202.245.148.15,Mobile,Suspicious
605,29,2025-04-25 02:08:19,81.6.54.151,Laptop,Suspicious
606,120,2024-10-09 04:15:11,44.242.49.236,Mobile,Failed
607,22,2025-05-24 08:34:54,6.254.236.223,Tablet,Suspicious
608,167,2025-08-05 09:51:06,115.176.177.218,Mobile,Failed
609,157,2024-10-06 07:35:47,196.34.44.8,Laptop,Suspicious
610,91,2025-01-24 17:58:36,171.112.51.90,Laptop,Success
611,153,2025-01-08 17:48:33,159.44.15.3,Mobile,Failed
612,39,2025-01-20 15:43:38,202.135.152.28,Tablet,Suspicious
613,132,2024-09-29 21:23:05,24.194.235.80,Laptop,Failed
614,147,2025-08-13 16:46:24,14.160.66.12,Laptop,Suspicious
615,77,2025-08-17 21:57:03,170.29.74.22,Laptop,Suspicious
616,82,2025-03-03 16:30:12,171.114.150.200,Mobile,Failed
617,145,2025-07-07 01:08:44,189.246.203.200,Tablet,Failed
618,199,2025-02-06 03:23:18,53.43.112.241,Laptop,Failed
619,127,2025-08-01 06:22:49,70.152.13.15,Tablet,Success
620,152,2025-08-21 02:14:24,105.49.50.227,Mobile,Failed
621,113,2025-02-09 01:14:13,160.135.249.17,Laptop,Success
622,131,2025-03-19 13:31:01,71.175.61.33,Mobile,Suspicious
623,86,2025-06-07 22:27:37,133.255.59.44,Tablet,Suspicious
624,23,2025-04-26 17:21:21,44.11.7.224,Mobile,Success
625,119,2025-02-17 02:16:14,114.60.145.37,Mobile,Failed
626,85,2025-06-29 11:14:11,79.207.250.138,Mobile,Suspicious
627,37,2025-07-23 11:30:48,46.153.173.57,Laptop,Failed
628,84,2024-09-21 07:45:34,148.184.140.73,Laptop,Suspicious
629,192,2025-05-17 22:08:53,56.45.118.149,Laptop,Failed
630,174,2025-05-06 09:24:21,72.70.137.8,Laptop,Suspicious
631,101,2025-07-03 03:12:54,63.183.211.200,Laptop,Suspicious
632,176,2025-05-08 07:22:34,171.138.101.122,Laptop,Success
633,70,2024-12-31 09:04:12,29.131.199.255,Mobile,Failed
634,188,2024-10-01 07:30:19,207.169.183.9,Mobile,Suspicious
635,13,2024-09-16 23:36:56,75.31.86.218,Laptop,Failed
636,98,2024-09-14 07:20:13,25.103.188.123,Tablet,Suspicious
637,13,2025-06-06 09:32:43,47.124.178.87,Mobile,Suspicious
638,6,2025-03-02 10:38:27,172.76.223.20,Tablet,Success
639,182,2025-06-21 00:08:21,208.168.51.191,Tablet,Success
640,16,2025-02-10 10:22:49,51.107.123.50,Laptop,Success
641,49,2024-11-29 09:08:17,195.76.252.180,Tablet,Success
642,103,2025-03-17 02:12:22,147.140.149.4,Laptop,Failed
643,178,2025-07-17 15:56:00,118.216.221.35,Tablet,Suspicious
644,152,2025-07-14 14:45:57,45.131.211.54,Laptop,Failed
645,185,2025-06-24 21:56:55,177.41.62.255,Mobile,Suspicious
646,153,2024-10-07 04:47:34,111.229.61.127,Tablet,Suspicious
647,136,2025-01-26 15:56:30,12.146.82.106,Mobile,Failed
648,150,2025-08-05 21:47:55,180.42.153.187,Laptop,Suspicious
649,139,2025-05-19 13:33:10,105.206.60.86,Mobile,Success
650,41,2025-06-12 10:55:46,129.250.164.229,Tablet,Success
651,129,2024-12-20 13:19:45,48.140.14.197,Mobile,Success
652,5,2025-03-21 19:43:13,173.143.95.213,Tablet,Failed
653,186,2025-01-21 19:46:20,3.192.29.206,Laptop,Success
654,140,2024-10-23 05:27:53,27.4.188.21,Laptop,Suspicious
655,159,2025-05-04 23:01:26,132.220.155.80,Tablet,Failed
656,62,2024-12-28 13:23:13,77.75.19.123,Tablet,Success
657,80,2025-07-12 07:07:45,4.162.85.138,Tablet,Failed
658,178,2025-04-11 18:13:02,49.154.13.56,Tablet,Failed
659,14,2025-02-18 19:05:36,221.69.230.224,Mobile,Success
660,5,2025-01-16 04:05:00,196.243.194.42,Mobile,Failed
661,43,2025-07-18 11:40:57,94.40.199.53,Mobile,Failed
662,123,2024-12-10 16:25:47,46.10.53.127,Mobile,Suspicious
663,58,2024-12-17 07:55:32,94.101.140.241,Mobile,Failed
664,67,2025-01-20 17:10:02,134.110.225.220,Laptop,Suspicious
665,137,2025-08-10 09:33:19,6.213.244.195,Laptop,Success
666,141,2024-11-29 16:12:49,6.136.192.228,Laptop,Success
667,62,2025-07-03 21:04:07,59.64.254.206,Mobile,Failed
668,128,2025-08-29 02:23:54,220.147.93.171,Laptop,Success
669,174,2025-03-04 13:58:17,40.191.185.189,Tablet,Failed
670,24,2025-08-29 23:06:02,213.175.175.150,Tablet,Success
671,200,2025-07-20 01:38:12,119.214.220.226,Laptop,Success
672,169,2025-04-07 23:01:32,152.168.184.138,Laptop,Suspicious
673,126,2025-06-10 00:15:28,215.159.69.128,Laptop,Failed
674,30,2025-06-27 21:45:48,60.84.92.2,Tablet,Failed
675,193,2024-10-14 04:42:24,37.224.129.110,Mobile,Suspicious
676,62,2025-07-13 13:49:18,117.10.189.88,Laptop,Success
677,119,2025-05-12 09:51:43,13.9.180.150,Laptop,Success
678,129,2025-08-28 00:57:47,160.159.37.137,Mobile,Suspicious
679,145,2025-08-13 12:26:40,96.26.38.174,Laptop,Suspicious
680,138,2025-01-20 11:00:05,67.224.68.189,Mobile,Suspicious
681,29,2025-08-24 04:46:52,16.167.11.195,Tablet,Suspicious
682,71,2024-09-27 22:28:21,144.234.70.22,Laptop,Suspicious
683,193,2025-08-08 02:15:23,85.86.15.74,Mobile,Suspicious
684,8,2025-03-28 10:35:12,40.81.62.72,Tablet,Failed
685,8,2024-11-05 01:38:18,213.121.203.209,Tablet,Failed
686,109,2025-03-26 10:13:55,170.225.169.166,Laptop,Success
687,109,2025-01-05 18:57:39,193.67.56.164,Laptop,Failed
688,42,2025-08-07 15:20:58,40.149.167.238,Laptop,Suspicious
689,90,2024-10-04 12:11:21,48.137.222.133,Laptop,Failed
690,120,2025-06-10 04:34:42,62.204.100.33,Laptop,Suspicious
691,45,2025-06-07 18:53:17,214.115.188.170,Tablet,Success
692,28,2025-04-24 22:56:27,148.84.90.203,Mobile,Success
693,95,2025-05-31 00:06:27,57.61.167.66,Tablet,Suspicious
694,138,2024-12-24 16:47:23,117.148.125.156,Tablet,Suspicious
695,144,2025-03-21 08:47:13,182.239.118.240,Mobile,Failed
696,93,2025-02-27 07:31:30,144.26.96.18,Laptop,Failed
697,183,2025-05-22 23:26:51,56.241.19.218,Laptop,Success
698,179,2025-02-13 16:55:39,121.124.224.237,Tablet,Suspicious
699,193,2024-12-20 14:25:38,58.3.200.187,Mobile,Failed
700,83,2025-01-30 10:04:02,76.186.207.177,Mobile,Success
701,163,2025-08-23 13:58:46,200.79.85.23,Mobile,Suspicious
702,148,2024-09-13 20:02:19,196.147.249.104,Laptop,Suspicious
703,78,2025-06-22 13:04:22,139.43.64.34,Laptop,Suspicious
704,128,2024-10-30 00:41:57,10.229.203.216,Mobile,Success
705,161,2025-05-16 18:47:58,213.114.140.90,Tablet,Failed
706,76,2024-09-29 22:48:56,219.77.57.4,Tablet,Success
707,158,2025-09-02 07:13:48,76.170.146.121,Mobile,Suspicious
708,111,2024-11-21 07:50:10,54.147.235.135,Mobile,Failed
709,102,2025-07-27 00:23:17,26.43.55.88,Laptop,Suspicious
710,37,2025-01-12 03:43:11,85.32.150.210,Laptop,Suspicious
711,181,2024-09-27 23:52:56,159.64.214.188,Mobile,Failed
712,53,2024-09-22 06:33:18,175.163.254.73,Tablet,Failed
713,69,2024-10-04 17:07:31,89.214.113.17,Laptop,Suspicious
714,19,2024-09-15 06:15:56,35.192.204.227,Mobile,Failed
715,163,2024-10-26 12:00:48,70.97.53.184,Laptop,Failed
716,89,2025-06-09 21:38:44,105.204.231.110,Tablet,Success
717,184,2025-08-30 14:43:20,172.118.194.47,Tablet,Success
718,187,2024-09-24 22:52:43,11.254.177.157,Tablet,Failed
719,91,2024-11-12 06:21:11,42.31.155.222,Mobile,Success
720,25,2025-05-05 14:26:44,82.229.103.209,Mobile,Suspicious
721,89,2024-09-29 14:07:09,154.170.36.87,Mobile,Suspicious
722,138,2025-06-23 01:55:25,141.44.87.158,Mobile,Failed
723,44,2025-07-26 18:39:37,30.99.152.97,Mobile,Suspicious
724,35,2025-04-11 01:24:58,50.91.181.71,Mobile,Suspicious
725,167,2025-03-28 21:47:40,120.174.6.91,Mobile,Suspicious
726,34,2024-09-28 05:25:19,114.226.19.57,Laptop,Suspicious
727,144,2024-11-06 21:54:04,198.57.122.230,Laptop,Failed
728,133,2025-03-21 20:55:42,162.144.43.209,Tablet,Success
729,97,2025-06-07 17:32:03,159.88.5.61,Tablet,Suspicious
730,113,2024-12-18 05:19:10,155.85.154.92,Mobile,Failed
731,141,2024-12-07 16:16:55,168.81.233.104,Tablet,Failed
732,117,2025-04-15 06:59:24,131.182.34.221,Tablet,Suspicious
733,66,2025-05-15 02:48:35,56.177.45.199,Mobile,Success
734,3,2025-03-29 11:14:21,19.204.151.255,Mobile,Failed
735,195,2025-03-06 18:05:23,112.80.147.6,Mobile,Failed
736,90,2025-01-10 13:06:16,26.98.114.33,Mobile,Failed
737,161,2025-05-09 01:09:31,27.84.151.191,Laptop,Suspicious
738,29,2024-12-02 07:09:31,13.146.127.188,Tablet,Failed
739,101,2025-01-04 20:48:05,75.249.34.139,Mobile,Suspicious
740,162,2024-10-17 02:52:00,141.242.129.168,Laptop,Suspicious
741,18,2024-10-30 11:34:11,3.234.231.152,Tablet,Success
742,153,2025-08-21 07:24:59,131.20.219.197,Mobile,Failed
743,90,2024-11-07 10:04:58,198.73.167.240,Mobile,Suspicious
744,80,2024-10-07 02:53:22,30.106.197.34,Laptop,Suspicious
745,91,2025-04-06 18:29:19,49.36.183.157,Laptop,Suspicious
746,6,2025-01-22 23:03:24,207.210.231.24,Tablet,Failed
747,40,2025-03-10 18:29:22,171.130.212.157,Tablet,Success
748,15,2024-10-11 03:40:16,3.40.207.226,Tablet,Success
749,145,2024-09-13 05:57:20,112.138.204.95,Tablet,Failed
750,123,2025-01-18 08:44:55,137.39.239.7,Mobile,Suspicious
751,26,2024-10-10 04:28:39,28.62.135.16,Tablet,Suspicious
752,80,2025-08-26 19:17:26,176.161.192.214,Mobile,Success
753,73,2025-07-26 02:54:58,214.209.113.12,Tablet,Suspicious
754,25,2025-03-25 19:08:17,94.56.252.24,Laptop,Success
755,102,2025-03-16 10:24:11,117.116.171.55,Mobile,Success
756,122,2025-07-12 07:38:01,102.129.50.232,Mobile,Failed
757,120,2025-07-26 22:24:08,191.203.133.117,Laptop,Failed
758,118,2024-12-21 22:13:29,211.155.14.154,Laptop,Success
759,93,2025-08-11 13:20:43,52.80.188.208,Laptop,Suspicious
760,175,2025-07-15 21:05:08,159.68.221.66,Tablet,Success
761,21,2025-04-22 00:43:54,49.196.221.170,Mobile,Suspicious
762,110,2025-02-12 23:54:18,162.55.19.221,Tablet,Suspicious
763,52,2025-06-02 04:18:50,21.97.156.162,Tablet,Success
764,61,2025-06-13 08:49:25,90.147.61.218,Mobile,Success
765,64,2025-01-11 10:22:33,61.88.178.6,Mobile,Suspicious
766,18,2024-09-09 18:49:50,35.219.131.152,Mobile,Failed
767,90,2024-10-23 15:21:28,124.59.78.106,Mobile,Suspicious
768,65,2025-08-01 20:15:10,71.133.146.78,Tablet,Failed
769,28,2025-02-12 11:31:42,84.248.8.53,Tablet,Failed
770,83,2025-05-25 09:24:41,138.146.180.239,Mobile,Suspicious
771,15,2025-04-20 01:46:34,66.99.27.14,Laptop,Suspicious
772,74,2024-12-29 20:49:33,41.35.135.211,Laptop,Suspicious
773,180,2025-03-10 19:09:43,145.36.93.24,Laptop,Failed
774,132,2025-05-16 08:48:56,84.115.103.114,Tablet,Suspicious
775,56,2025-03-24 21:51:44,48.74.11.18,Mobile,Success
776,196,2025-07-19 22:35:19,200.61.159.169,Tablet,Failed
777,76,2025-04-26 23:06:31,25.6.161.230,Laptop,Suspicious
778,11,2025-05-20 12:35:21,202.204.170.195,Tablet,Suspicious
779,146,2025-06-11 12:07:06,36.116.26.135,Tablet,Suspicious
780,46,2024-10-19 20:04:54,143.25.43.175,Tablet,Failed
781,171,2025-06-13 20:22:31,182.79.201.182,Mobile,Suspicious
782,7,2024-10-28 14:56:44,149.2.18.100,Laptop,Failed
783,146,2025-05-28 17:48:18,86.78.144.228,Laptop,Suspicious
784,45,2025-06-30 04:51:35,56.109.128.35,Tablet,Suspicious
785,163,2025-04-17 03:44:42,68.77.174.162,Mobile,Suspicious
786,168,2025-01-10 04:15:35,3.5.143.15,Tablet,Failed
787,76,2024-11-17 18:50:50,208.49.79.134,Mobile,Failed
788,111,2025-07-27 04:45:31,159.33.134.237,Mobile,Success
789,30,2025-03-01 05:47:05,126.239.24.248,Laptop,Success
790,59,2024-10-29 21:06:44,51.173.253.156,Laptop,Suspicious
791,24,2024-11-10 04:32:30,84.97.83.248,Tablet,Failed
792,40,2025-03-05 01:06:46,98.81.109.157,Tablet,Success
793,191,2025-05-28 04:41:10,222.26.184.66,Mobile,Suspicious
794,102,2024-09-18 00:58:14,84.215.208.79,Laptop,Suspicious
795,18,2025-01-23 07:17:36,134.136.10.176,Laptop,Failed
796,45,2025-05-22 06:55:08,204.92.120.143,Laptop,Suspicious
797,84,2024-11-16 16:31:08,197.177.43.86,Laptop,Failed
798,147,2025-04-06 07:22:59,196.83.145.242,Laptop,Success
799,45,2025-05-18 06:39:50,34.250.84.220,Tablet,Failed
800,15,2025-08-30 13:43:44,212.47.209.178,Mobile,Success
801,79,2025-01-27 00:46:30,112.136.193.54,Laptop,Suspicious
802,51,2025-04-15 04:47:32,141.40.100.186,Mobile,Failed
803,120,2025-04-17 17:38:06,150.211.141.164,Tablet,Success
804,132,2025-05-02 06:16:58,18.131.125.203,Laptop,Failed
805,195,2024-12-20 23:53:43,163.246.1.108,Mobile,Suspicious
806,174,2025-01-04 03:09:57,15.115.89.153,Mobile,Suspicious
807,52,2025-08-10 02:44:36,59.105.83.124,Mobile,Failed
808,9,2024-11-03 09:26:13,170.31.163.220,Tablet,Success
809,2,2025-07-19 04:04:27,210.222.10.161,Laptop,Failed
810,81,2025-07-13 22:23:07,117.103.164.195,Laptop,Failed
811,172,2025-05-03 17:48:14,45.118.164.117,Laptop,Success
812,146,2025-07-07 01:36:30,185.187.185.100,Laptop,Failed
813,39,2025-07-08 11:44:39,85.147.85.110,Laptop,Suspicious
814,69,2025-07-07 05:36:54,158.100.47.61,Laptop,Suspicious
815,154,2024-12-14 13:42:24,184.181.21.194,Mobile,Suspicious
816,137,2025-07-02 06:10:36,23.145.45.101,Mobile,Success
817,151,2025-06-18 03:50:54,162.140.200.250,Mobile,Success
818,89,2025-06-18 14:20:04,89.62.223.156,Laptop,Suspicious
819,171,2025-05-10 00:23:33,132.26.189.80,Tablet,Success
820,10,2025-01-23 00:25:00,112.212.127.65,Laptop,Failed
821,139,2024-10-16 15:07:38,49.168.125.222,Tablet,Suspicious
822,91,2024-09-04 13:01:13,103.101.123.198,Laptop,Failed
823,168,2025-01-07 10:39:52,30.99.136.233,Tablet,Success
824,107,2025-01-16 04:48:47,186.88.70.12,Laptop,Suspicious
825,126,2025-02-25 11:01:54,221.67.31.56,Mobile,Suspicious
826,120,2025-06-02 09:49:00,164.236.69.204,Tablet,Success
827,145,2024-11-29 19:26:41,167.207.80.225,Tablet,Suspicious
828,177,2024-12-29 15:47:38,55.1.112.49,Tablet,Success
829,46,2024-10-05 18:03:11,200.124.21.155,Laptop,Success
830,152,2025-01-16 13:17:52,147.10.108.9,Mobile,Success
831,133,2025-08-18 11:45:47,210.229.250.223,Mobile,Failed
832,36,2025-05-19 00:42:33,175.36.64.193,Mobile,Success
833,110,2025-02-19 03:08:25,190.41.94.59,Mobile,Suspicious
834,193,2025-04-04 12:32:41,173.15.100.168,Mobile,Success
835,101,2024-12-30 22:19:50,82.58.231.131,Mobile,Failed
836,76,2025-01-17 00:41:07,82.139.175.160,Tablet,Suspicious
837,115,2024-09-19 16:13:53,221.97.71.173,Laptop,Suspicious
838,113,2025-02-08 08:26:15,55.132.151.158,Mobile,Suspicious
839,169,2024-10-07 07:00:38,115.24.144.92,Tablet,Success
840,147,2025-04-09 07:11:58,51.60.72.69,Laptop,Failed
841,197,2025-03-30 12:24:11,80.81.24.115,Tablet,Success
842,137,2024-10-20 18:30:23,160.46.187.31,Laptop,Suspicious
843,118,2025-08-22 18:43:30,129.209.182.82,Mobile,Suspicious
844,23,2025-03-04 23:06:24,33.11.15.134,Mobile,Success
845,27,2025-04-15 04:43:41,193.158.216.166,Tablet,Success
846,53,2025-04-12 15:08:54,130.183.106.71,Mobile,Success
847,9,2025-06-14 13:53:28,188.11.81.144,Laptop,Suspicious
848,44,2024-10-11 03:35:30,129.158.69.129,Tablet,Suspicious
849,192,2025-07-24 18:50:01,185.188.124.79,Tablet,Suspicious
850,100,2025-01-19 20:11:10,67.163.120.129,Mobile,Success
851,175,2025-02-04 14:13:48,149.41.195.56,Mobile,Success
852,69,2025-02-23 16:15:50,61.50.123.122,Laptop,Success
853,62,2025-03-30 23:47:18,2.69.125.130,Laptop,Failed
854,15,2025-05-02 21:06:36,104.132.242.227,Tablet,Failed
855,164,2025-03-18 00:28:54,94.137.44.233,Mobile,Failed
856,19,2024-10-25 11:55:17,176.214.210.255,Tablet,Success
857,159,2024-12-30 07:30:22,34.59.29.154,Mobile,Success
858,17,2025-06-15 14:55:30,90.164.52.208,Laptop,Suspicious
859,133,2025-03-11 16:08:15,117.32.225.98,Mobile,Suspicious
860,127,2025-05-22 14:11:43,15.236.152.240,Mobile,Success
861,191,2025-04-28 10:35:17,117.117.132.111,Mobile,Suspicious
862,175,2025-01-13 12:42:12,111.227.151.239,Mobile,Success
863,191,2024-11-25 13:50:33,196.124.108.112,Laptop,Failed
864,186,2025-01-24 18:09:19,77.174.33.142,Tablet,Suspicious
865,28,2024-12-12 19:56:42,208.70.132.127,Tablet,Failed
866,111,2025-06-22 09:55:35,166.184.2.152,Laptop,Success
867,174,2025-08-13 22:18:47,114.39.97.59,Tablet,Failed
868,138,2025-08-25 04:56:38,201.181.156.1,Mobile,Suspicious
869,195,2025-07-04 00:43:32,68.21.47.99,Tablet,Suspicious
870,187,2025-04-19 04:19:27,202.183.95.71,Mobile,Success
871,24,2024-12-09 04:28:00,78.83.39.94,Tablet,Suspicious
872,168,2024-11-14 15:47:13,23.8.192.226,Laptop,Success
873,78,2024-12-25 12:58:43,92.27.14.59,Mobile,Suspicious
874,101,2025-04-16 19:28:18,64.138.60.214,Mobile,Failed
875,145,2025-08-17 01:37:43,79.91.214.133,Tablet,Success
876,133,2024-12-21 10:13:46,215.111.166.53,Laptop,Success
877,46,2025-02-17 14:19:24,130.159.69.42,Tablet,Success
878,26,2025-08-22 06:09:57,24.106.154.68,Laptop,Success
879,185,2024-12-28 18:19:33,208.129.46.52,Laptop,Failed
880,104,2025-02-11 14:41:44,189.223.189.7,Tablet,Failed
881,96,2025-05-10 11:56:10,143.208.160.79,Tablet,Suspicious
882,132,2024-12-12 23:06:40,122.250.139.23,Mobile,Success
883,39,2024-10-09 06:31:57,42.227.84.111,Tablet,Success
884,110,2025-03-22 04:58:38,78.121.75.146,Mobile,Suspicious
885,62,2025-08-16 19:06:03,133.56.125.189,Tablet,Failed
886,3,2025-08-18 23:50:43,192.179.9.115,Mobile,Failed
887,180,2025-01-28 14:28:37,174.143.149.56,Mobile,Failed
888,45,2024-10-20 03:59:44,184.209.76.121,Mobile,Suspicious
889,137,2024-11-22 20:45:34,148.249.202.185,Laptop,Suspicious
890,40,2025-07-06 00:18:51,48.79.110.6,Tablet,Failed
891,29,2025-06-09 01:50:07,98.233.154.174,Mobile,Suspicious
892,96,2024-12-11 08:36:23,76.61.10.248,Tablet,Suspicious
893,173,2025-06-30 22:17:54,64.162.229.153,Tablet,Success
894,60,2025-02-23 17:36:21,88.53.19.82,Laptop,Failed
895,45,2025-03-29 11:43:07,122.238.132.128,Mobile,Suspicious
896,104,2025-08-12 22:12:30,173.112.134.9,Laptop,Suspicious
897,92,2025-07-12 11:53:07,37.227.157.197,Laptop,Failed
898,19,2025-04-30 16:41:52,144.142.190.144,Mobile,Failed
899,35,2025-05-30 06:16:42,32.85.148.222,Tablet,Suspicious
900,165,2025-08-26 23:05:53,52.206.125.10,Laptop,Suspicious
901,158,2024-10-03 07:46:47,107.70.146.207,Tablet,Suspicious
902,95,2025-06-06 22:23:38,180.16.226.193,Laptop,Failed
903,185,2025-07-15 01:06:29,2.216.151.178,Laptop,Success
904,184,2025-08-03 17:06:44,22.21.159.119,Tablet,Failed
905,133,2025-02-05 04:56:59,32.201.155.25,Mobile,Success
906,7,2025-03-14 14:46:27,156.18.209.239,Mobile,Success
907,140,2025-05-18 22:36:25,197.245.227.192,Laptop,Success
908,94,2025-08-05 02:53:58,26.27.94.199,Laptop,Failed
909,45,2025-05-14 19:58:58,53.218.224.227,Laptop,Failed
910,3,2025-08-24 13:43:39,12.240.244.17,Tablet,Success
911,107,2024-11-22 14:03:17,145.182.2.106,Tablet,Failed
912,86,2025-01-03 02:43:46,38.156.192.21,Tablet,Success
913,153,2024-11-17 17:36:12,213.46.218.39,Tablet,Suspicious
914,183,2024-11-19 18:37:31,117.10.53.128,Laptop,Suspicious
915,64,2025-05-05 08:32:56,178.120.143.111,Mobile,Suspicious
916,41,2025-01-26 09:42:42,205.109.25.209,Laptop,Failed
917,150,2024-12-19 14:20:02,12.165.65.122,Tablet,Failed
918,113,2024-10-07 14:48:49,204.196.27.114,Laptop,Success
919,166,2024-10-19 22:54:17,179.91.177.26,Laptop,Success
920,130,2024-10-16 17:37:40,99.94.169.29,Laptop,Suspicious
921,95,2025-02-18 09:12:01,49.173.249.60,Laptop,Success
922,121,2024-12-19 05:08:52,219.13.101.82,Laptop,Success
923,69,2025-01-18 23:20:30,173.74.143.79,Mobile,Failed
924,191,2025-08-15 04:30:58,8.50.216.82,Tablet,Failed
925,194,2025-06-19 10:47:41,138.169.83.173,Laptop,Success
926,94,2025-01-05 05:31:32,191.129.138.254,Tablet,Success
927,69,2025-05-01 09:27:53,156.240.75.55,Mobile,Suspicious
928,24,2024-12-25 12:21:21,186.41.164.148,Tablet,Suspicious
929,55,2024-11-13 05:46:24,145.179.183.26,Mobile,Success
930,74,2024-10-12 02:37:03,169.170.197.6,Mobile,Success
931,62,2025-08-25 13:12:29,138.220.64.168,Laptop,Failed
932,95,2024-09-04 01:48:54,77.236.14.71,Laptop,Failed
933,31,2024-12-29 15:29:05,65.136.224.49,Laptop,Suspicious
934,11,2025-04-01 10:10:18,163.144.94.38,Tablet,Suspicious
935,134,2025-04-04 17:04:20,213.34.65.69,Laptop,Failed
936,3,2024-10-10 08:46:32,26.25.33.165,Mobile,Failed
937,18,2024-09-27 18:17:06,113.105.23.9,Tablet,Failed
938,140,2024-11-29 00:08:18,161.210.239.92,Tablet,Failed
939,90,2024-12-01 19:17:04,171.73.181.2,Mobile,Suspicious
940,193,2024-10-13 02:01:07,24.144.209.160,Mobile,Suspicious
941,47,2025-07-13 15:27:00,70.110.232.214,Tablet,Suspicious
942,51,2025-07-17 08:45:11,49.95.180.9,Laptop,Failed
943,100,2025-01-09 21:27:45,69.201.39.172,Mobile,Success
944,49,2025-03-20 23:17:21,13.113.84.231,Laptop,Success
945,99,2024-12-29 00:02:32,69.25.184.213,Tablet,Success
946,8,2025-05-16 21:46:47,7.143.245.35,Tablet,Failed
947,56,2025-05-31 01:04:15,210.220.125.217,Laptop,Success
948,153,2024-09-29 02:41:01,24.75.238.28,Mobile,Failed
949,178,2024-11-05 22:48:57,18.206.70.179,Mobile,Suspicious
950,190,2024-11-23 15:50:19,149.111.252.177,Laptop,Failed
951,11,2024-12-25 20:50:03,175.4.138.204,Mobile,Success
952,40,2024-09-19 14:56:51,165.153.13.33,Laptop,Suspicious
953,199,2024-11-08 11:20:31,215.124.120.27,Mobile,Success
954,85,2025-01-31 18:23:44,81.55.202.23,Tablet,Suspicious
955,9,2025-04-11 14:56:31,4.46.63.188,Mobile,Failed
956,180,2024-11-16 10:08:03,49.223.199.226,Mobile,Suspicious
957,52,2024-09-18 10:53:52,104.9.209.15,Laptop,Failed
958,51,2025-01-20 15:26:11,41.212.162.212,Tablet,Failed
959,109,2025-06-25 00:42:00,109.71.53.83,Tablet,Failed
960,156,2025-01-12 21:46:51,132.159.174.94,Mobile,Suspicious
961,4,2025-07-26 03:52:03,160.115.71.236,Tablet,Failed
962,142,2025-01-16 12:10:13,183.22.125.114,Tablet,Failed
963,162,2025-03-27 08:32:55,142.72.79.102,Mobile,Suspicious
964,96,2024-10-02 00:42:55,141.215.16.210,Laptop,Suspicious
965,136,2025-05-27 23:43:00,164.60.250.174,Tablet,Success
966,41,2025-08-25 16:42:10,205.19.219.146,Mobile,Success
967,194,2025-07-28 17:08:55,213.45.200.149,Mobile,Suspicious
968,196,2024-10-15 16:45:16,183.76.102.224,Tablet,Success
969,137,2025-05-12 09:19:24,222.255.190.253,Mobile,Suspicious
970,75,2025-05-13 12:02:10,59.244.170.11,Laptop,Suspicious
971,190,2024-12-10 06:36:34,204.31.96.63,Laptop,Success
972,109,2025-01-04 09:38:48,67.145.225.252,Tablet,Suspicious
973,27,2024-11-11 20:29:27,101.101.76.160,Laptop,Failed
974,143,2025-07-18 21:50:47,86.18.46.126,Laptop,Failed
975,33,2024-10-21 16:28:15,150.228.207.6,Tablet,Success
976,68,2025-07-05 05:54:32,166.198.224.177,Laptop,Failed
977,83,2025-07-01 12:00:19,189.63.63.42,Tablet,Failed
978,148,2024-11-29 21:20:20,90.120.166.89,Tablet,Failed
979,138,2025-03-28 20:45:14,162.179.105.15,Mobile,Suspicious
980,116,2024-12-31 06:51:37,16.47.26.173,Tablet,Failed
981,180,2025-05-30 05:46:14,26.213.33.101,Laptop,Suspicious
982,20,2024-11-04 01:00:20,206.43.89.63,Mobile,Failed
983,46,2024-11-10 21:58:04,195.51.165.160,Tablet,Failed
984,130,2025-07-29 06:20:34,30.212.71.77,Tablet,Suspicious
985,91,2025-03-21 15:06:14,193.240.48.74,Laptop,Failed
986,141,2025-03-31 21:52:11,138.100.72.124,Mobile,Success
987,15,2025-01-15 16:29:26,135.195.90.48,Laptop,Failed
988,10,2025-01-12 09:59:37,76.142.82.167,Laptop,Suspicious
989,161,2025-01-08 15:15:24,29.159.246.24,Tablet,Suspicious
990,138,2024-10-03 21:07:01,77.164.254.87,Mobile,Failed
991,118,2024-09-27 15:50:07,157.114.26.157,Mobile,Success
992,175,2024-09-15 08:51:50,14.80.228.44,Tablet,Failed
993,100,2024-10-01 19:00:39,9.27.68.99,Laptop,Failed
994,102,2025-06-25 20:33:58,70.148.111.150,Mobile,Failed
995,195,2025-06-13 09:10:45,189.44.165.189,Laptop,Failed
996,103,2025-08-25 10:33:43,46.18.31.60,Mobile,Success
997,166,2024-10-31 12:32:15,55.209.56.36,Mobile,Suspicious
998,36,2025-06-07 00:42:08,155.109.121.146,Tablet,Suspicious
999,28,2025-04-27 07:02:57,26.195.168.172,Tablet,Failed
1000,39,2025-05-14 10:50:04,36.232.114.209,Mobile,Suspicious
