TransactionID,CardID,MerchantID,TransactionDateTime,TransactionAmount,Currency,TransactionType,TransactionStatus,IsFraud,FraudScore
1,194,30,2025-02-14 04:35:26,13871,INR,Online,Approved,0,41
2,157,35,2025-04-03 07:56:56,30626,INR,ATM,Declined,0,40
3,294,43,2024-09-20 10:31:02,52728,INR,POS,Pending,1,34
4,182,35,2025-07-25 23:09:49,34098,INR,Online,Approved,0,95
5,151,7,2024-11-07 22:51:10,15469,INR,ATM,Declined,0,70
6,114,8,2024-10-10 05:11:15,845,INR,ATM,Pending,0,65
7,187,48,2025-04-24 01:07:38,51021,INR,ATM,Pending,0,25
8,49,21,2024-12-16 17:21:53,33114,INR,ATM,Approved,0,52
9,198,37,2025-02-20 02:30:28,58334,INR,ATM,Approved,0,93
10,79,26,2024-10-09 10:47:24,7769,INR,Online,Declined,0,42
11,271,1,2025-01-13 22:07:06,11701,INR,ATM,Pending,0,28
12,13,44,2025-05-06 13:37:23,30229,INR,Online,Declined,1,71
13,179,28,2024-10-12 10:34:15,5508,INR,ATM,Approved,0,55
14,46,44,2025-02-05 17:33:56,67492,INR,Online,Pending,0,12
15,187,31,2024-12-20 18:12:45,90817,INR,ATM,Pending,0,90
16,251,37,2025-04-30 18:08:41,33093,INR,Online,Declined,0,68
17,113,23,2024-10-30 16:50:25,25492,INR,POS,Declined,0,74
18,171,50,2024-12-11 07:58:28,86691,INR,ATM,Pending,0,73
19,291,12,2024-10-29 23:36:34,90755,INR,Online,Declined,1,82
20,59,26,2025-04-26 03:31:18,71758,INR,Online,Approved,0,34
21,135,21,2025-03-29 17:50:33,90073,INR,POS,Pending,1,43
22,33,8,2025-05-31 01:26:38,27127,INR,POS,Approved,0,75
23,285,22,2025-03-26 00:34:23,23311,INR,ATM,Pending,1,95
24,237,22,2025-05-01 15:53:36,79921,INR,POS,Pending,0,97
25,290,39,2025-06-20 10:15:18,21662,INR,Online,Declined,0,11
26,160,12,2025-07-28 07:21:20,83812,INR,ATM,Approved,0,95
27,286,25,2025-05-13 13:53:06,72504,INR,Online,Approved,0,61
28,76,22,2025-08-26 20:01:59,71326,INR,Online,Approved,0,31
29,9,47,2025-06-18 02:59:34,56631,INR,ATM,Declined,0,11
30,281,28,2025-03-03 13:00:18,77224,INR,POS,Approved,0,67
31,36,26,2025-04-16 21:22:14,42089,INR,Online,Approved,0,74
32,261,28,2024-10-11 07:57:05,53004,INR,ATM,Declined,0,22
33,34,21,2025-05-18 22:21:08,31381,INR,Online,Approved,0,38
34,143,41,2024-11-30 13:33:05,10688,INR,ATM,Declined,0,14
35,203,7,2024-11-30 15:21:00,35413,INR,POS,Approved,0,55
36,266,8,2025-07-10 13:39:20,92807,INR,POS,Declined,0,18
37,79,49,2025-07-16 11:13:47,60122,INR,POS,Approved,0,91
38,101,15,2025-02-17 18:01:29,34151,INR,POS,Declined,1,61
39,243,37,2025-08-14 18:19:24,81236,INR,ATM,Pending,0,33
40,137,49,2025-02-02 21:25:53,20393,INR,POS,Pending,0,8
41,205,40,2024-11-08 15:14:52,61611,INR,Online,Approved,0,39
42,44,23,2024-09-29 02:25:36,48583,INR,ATM,Approved,0,63
43,261,27,2024-10-02 04:12:44,26458,INR,POS,Approved,0,81
44,177,50,2025-01-16 04:10:28,29426,INR,ATM,Pending,0,8
45,3,33,2024-12-14 17:44:53,28734,INR,ATM,Pending,0,15
46,149,35,2025-05-30 15:05:40,32126,INR,POS,Pending,0,95
47,105,8,2025-03-23 10:45:35,15042,INR,ATM,Declined,1,3
48,133,5,2025-03-28 04:49:32,14414,INR,ATM,Pending,0,3
49,45,4,2024-11-29 11:16:53,10717,INR,POS,Pending,0,60
50,101,38,2025-08-11 02:45:13,78231,INR,Online,Declined,0,9
51,162,17,2025-05-26 19:27:08,87018,INR,ATM,Declined,1,26
52,293,30,2024-10-28 14:28:58,38740,INR,POS,Approved,0,22
53,200,41,2025-04-22 22:43:49,35281,INR,Online,Pending,0,86
54,290,13,2025-01-02 02:55:44,41275,INR,ATM,Approved,0,17
55,77,33,2025-01-23 09:56:00,40101,INR,ATM,Pending,0,68
56,143,10,2025-04-05 10:30:38,37712,INR,Online,Approved,1,12
57,50,10,2025-06-25 13:36:37,85928,INR,Online,Pending,0,68
58,41,39,2024-12-15 01:53:56,87627,INR,ATM,Declined,0,55
59,214,7,2024-09-16 05:54:34,95722,INR,POS,Approved,0,14
60,216,29,2025-06-09 17:08:17,6803,INR,POS,Approved,0,40
61,168,44,2025-06-24 12:19:27,59668,INR,Online,Pending,0,23
62,69,10,2024-12-17 06:53:35,49737,INR,ATM,Pending,0,72
63,24,49,2025-03-30 07:29:49,32142,INR,Online,Declined,0,19
64,241,26,2025-02-07 01:05:11,73619,INR,POS,Approved,0,23
65,11,12,2024-09-17 12:50:58,55934,INR,Online,Approved,0,77
66,278,26,2025-07-16 22:11:57,97294,INR,POS,Approved,0,1
67,86,29,2024-11-18 08:40:59,13793,INR,Online,Pending,1,74
68,249,41,2025-02-07 05:44:14,88482,INR,ATM,Pending,0,66
69,294,40,2025-04-25 07:41:44,12083,INR,ATM,Approved,0,27
70,185,46,2025-01-14 04:05:37,23691,INR,Online,Pending,1,69
71,211,32,2025-01-21 08:52:21,61526,INR,ATM,Approved,1,81
72,197,18,2024-11-05 04:02:59,49795,INR,POS,Declined,0,71
73,245,44,2025-02-18 16:41:02,96870,INR,POS,Declined,0,55
74,177,48,2025-08-18 16:57:23,25562,INR,Online,Declined,1,53
75,167,44,2024-12-24 04:15:58,78120,INR,POS,Pending,0,27
76,298,16,2024-10-13 14:19:06,58692,INR,Online,Declined,0,77
77,194,48,2024-09-04 23:52:52,6715,INR,ATM,Declined,0,43
78,8,15,2025-06-22 18:52:40,46859,INR,ATM,Declined,0,59
79,202,25,2025-04-05 03:51:05,57582,INR,POS,Declined,1,41
80,14,35,2024-12-05 01:12:37,71934,INR,ATM,Approved,1,100
81,206,49,2025-02-13 16:17:52,41922,INR,Online,Pending,1,35
82,172,32,2025-04-22 07:49:16,56740,INR,POS,Pending,0,67
83,143,28,2025-01-11 14:51:04,64971,INR,POS,Pending,1,34
84,297,25,2025-04-22 00:59:42,60078,INR,POS,Pending,0,34
85,144,8,2025-04-29 21:16:39,58506,INR,POS,Declined,0,3
86,89,25,2025-04-09 15:54:43,39305,INR,ATM,Declined,0,58
87,28,12,2025-07-17 19:46:56,1472,INR,ATM,Approved,1,75
88,185,18,2025-03-18 12:24:52,69049,INR,Online,Pending,0,81
89,210,12,2024-12-11 08:51:08,74541,INR,POS,Declined,1,48
90,290,33,2025-01-18 11:20:41,94099,INR,Online,Pending,0,80
91,4,31,2024-10-05 20:42:01,37376,INR,ATM,Declined,0,24
92,208,33,2025-01-04 22:41:57,5874,INR,Online,Pending,1,10
93,262,24,2025-03-11 01:51:51,75280,INR,ATM,Approved,0,18
94,136,49,2024-12-03 07:15:31,58045,INR,ATM,Pending,0,26
95,114,45,2025-04-28 19:55:24,75861,INR,ATM,Approved,0,47
96,220,42,2025-06-27 09:12:24,80315,INR,Online,Pending,0,87
97,75,26,2024-12-03 01:09:55,98386,INR,POS,Pending,0,39
98,259,5,2025-04-20 22:28:39,7124,INR,ATM,Approved,0,11
99,169,45,2024-11-20 02:52:22,96125,INR,Online,Approved,0,81
100,148,32,2025-06-17 21:12:02,85993,INR,POS,Pending,0,27
101,236,32,2025-07-07 19:58:09,51898,INR,Online,Approved,1,24
102,22,20,2024-09-30 04:40:13,88588,INR,POS,Pending,0,80
103,113,13,2024-11-27 11:56:10,46136,INR,Online,Declined,0,72
104,87,34,2025-02-02 14:27:30,86824,INR,ATM,Approved,0,55
105,163,43,2024-09-12 01:54:06,27909,INR,ATM,Pending,0,71
106,114,10,2025-04-01 09:14:41,37677,INR,ATM,Approved,1,28
107,224,27,2025-07-28 13:19:52,32692,INR,Online,Declined,0,53
108,66,2,2024-12-07 04:38:14,79129,INR,ATM,Approved,0,26
109,230,24,2025-01-24 18:07:45,81518,INR,ATM,Pending,0,19
110,52,12,2024-10-21 04:13:56,27221,INR,Online,Declined,0,95
111,258,40,2024-11-11 03:38:04,95147,INR,POS,Pending,0,77
112,128,33,2025-06-18 00:10:21,25810,INR,POS,Approved,1,1
113,294,22,2025-04-13 14:38:27,25016,INR,ATM,Declined,0,16
114,259,50,2025-07-17 13:22:07,72772,INR,ATM,Declined,1,65
115,149,31,2024-11-19 05:06:54,76400,INR,ATM,Declined,0,10
116,191,19,2025-08-24 03:34:26,36750,INR,POS,Pending,0,71
117,293,34,2025-04-07 18:14:46,72060,INR,POS,Pending,0,29
118,209,34,2025-07-21 01:20:06,45600,INR,Online,Declined,0,5
119,211,10,2025-06-09 05:10:57,87318,INR,POS,Pending,0,8
120,99,18,2025-05-23 01:07:17,36024,INR,Online,Approved,0,38
121,40,32,2025-01-07 10:30:08,52340,INR,POS,Pending,0,4
122,215,46,2025-07-07 15:27:09,46991,INR,Online,Approved,0,43
123,81,31,2025-03-04 21:25:57,27891,INR,POS,Declined,0,65
124,211,8,2025-05-09 13:38:11,80648,INR,Online,Pending,0,86
125,243,48,2025-06-03 13:07:22,22294,INR,Online,Declined,0,11
126,203,24,2024-09-09 13:59:42,18112,INR,Online,Pending,0,15
127,179,30,2024-09-10 08:01:49,68775,INR,ATM,Approved,0,44
128,75,4,2024-12-24 15:30:39,69827,INR,POS,Declined,1,80
129,240,11,2025-05-11 14:22:11,39189,INR,POS,Pending,0,11
130,121,26,2024-10-25 04:23:27,73983,INR,Online,Approved,0,42
131,13,9,2025-06-22 20:52:58,27610,INR,POS,Declined,0,31
132,98,41,2024-11-21 12:44:15,13939,INR,POS,Pending,0,77
133,58,37,2025-01-15 15:30:59,9646,INR,ATM,Approved,0,96
134,28,16,2025-06-17 21:48:13,53429,INR,Online,Approved,0,37
135,86,29,2024-11-10 08:32:28,39722,INR,Online,Declined,0,70
136,191,23,2024-11-07 10:55:32,59371,INR,POS,Pending,0,5
137,137,19,2024-11-23 11:19:53,8022,INR,Online,Declined,0,26
138,96,3,2024-09-08 05:52:50,33566,INR,Online,Pending,0,13
139,206,49,2025-01-07 20:14:26,20090,INR,ATM,Pending,0,6
140,210,45,2025-05-31 11:22:09,88857,INR,POS,Pending,0,43
141,47,19,2025-07-13 13:03:36,27257,INR,POS,Pending,0,65
142,98,10,2025-08-21 06:02:44,30439,INR,Online,Pending,0,98
143,75,40,2025-01-07 11:12:56,86771,INR,Online,Approved,0,63
144,172,39,2025-08-25 06:58:22,74106,INR,POS,Approved,1,33
145,235,8,2025-03-23 13:28:20,69565,INR,POS,Declined,0,64
146,282,38,2025-05-07 12:49:32,53359,INR,POS,Declined,0,31
147,85,39,2025-02-07 20:42:56,75382,INR,ATM,Approved,0,58
148,299,30,2025-01-16 14:51:04,98136,INR,POS,Pending,0,15
149,43,43,2025-07-12 01:18:13,92454,INR,ATM,Declined,1,50
150,192,4,2024-10-17 06:55:08,52149,INR,Online,Declined,0,66
151,256,27,2025-01-14 23:24:42,18960,INR,POS,Declined,0,67
152,111,27,2025-03-10 05:38:22,70480,INR,POS,Approved,0,83
153,97,49,2025-02-04 17:50:43,19758,INR,ATM,Declined,0,46
154,87,16,2024-10-20 14:29:56,77414,INR,Online,Declined,0,85
155,152,18,2024-09-20 02:45:59,35440,INR,ATM,Pending,0,21
156,247,6,2025-06-08 10:39:01,13748,INR,ATM,Pending,0,90
157,86,15,2025-02-16 18:38:54,45395,INR,ATM,Declined,0,69
158,153,14,2025-04-26 13:19:53,9102,INR,ATM,Approved,0,50
159,80,8,2025-02-18 09:11:53,67633,INR,Online,Pending,0,67
160,210,11,2024-09-07 20:17:54,58500,INR,ATM,Pending,0,43
161,119,30,2025-01-17 22:48:28,12336,INR,Online,Declined,0,37
162,202,11,2025-03-16 18:07:55,49946,INR,POS,Declined,1,33
163,64,3,2025-03-25 09:26:37,49117,INR,ATM,Approved,0,6
164,78,3,2025-04-16 11:35:55,7312,INR,Online,Declined,0,94
165,91,35,2024-11-27 22:01:36,7004,INR,Online,Declined,0,36
166,15,2,2025-05-28 21:36:10,56675,INR,Online,Approved,0,2
167,13,19,2025-08-25 07:02:05,26548,INR,Online,Declined,1,77
168,105,41,2025-04-18 05:05:42,96558,INR,Online,Pending,0,96
169,39,33,2024-12-08 17:34:58,28824,INR,ATM,Approved,1,86
170,175,17,2025-09-02 13:55:13,94216,INR,POS,Pending,0,69
171,137,49,2025-02-22 18:53:47,82452,INR,POS,Declined,0,81
172,95,28,2025-04-13 22:20:45,27362,INR,POS,Approved,0,97
173,52,38,2024-11-02 08:58:59,91713,INR,ATM,Declined,1,74
174,34,28,2025-04-01 18:19:39,20765,INR,Online,Declined,1,33
175,3,1,2024-09-07 14:58:27,76407,INR,Online,Pending,0,22
176,117,14,2025-02-12 22:18:33,77675,INR,ATM,Declined,0,14
177,258,39,2025-06-13 15:04:29,84964,INR,POS,Approved,1,75
178,2,9,2024-10-28 20:36:57,12398,INR,ATM,Pending,0,80
179,126,26,2025-01-14 19:03:54,54047,INR,ATM,Pending,0,67
180,255,31,2025-07-25 05:57:48,24263,INR,ATM,Declined,0,9
181,196,22,2025-07-05 11:54:36,36625,INR,Online,Approved,0,88
182,208,20,2025-07-11 14:44:49,47988,INR,POS,Approved,0,41
183,33,15,2025-02-28 09:41:47,20273,INR,POS,Declined,0,36
184,273,28,2024-11-04 21:16:18,96268,INR,ATM,Declined,1,52
185,156,39,2025-07-02 05:52:54,27885,INR,ATM,Pending,0,45
186,285,49,2025-06-22 01:54:05,56149,INR,POS,Approved,1,100
187,280,46,2025-09-03 08:35:27,73191,INR,ATM,Approved,0,8
188,199,21,2025-02-03 02:24:36,77390,INR,ATM,Pending,0,20
189,243,42,2024-11-04 17:32:45,42165,INR,Online,Approved,0,93
190,99,16,2025-05-30 05:09:19,1377,INR,Online,Approved,0,40
191,237,11,2025-06-18 21:25:30,56623,INR,ATM,Approved,1,58
192,155,44,2025-03-01 17:11:23,13849,INR,ATM,Declined,0,89
193,164,48,2025-02-15 04:44:40,28881,INR,POS,Declined,0,14
194,190,33,2024-09-10 14:28:08,83739,INR,POS,Declined,0,48
195,56,19,2025-03-05 11:08:58,40321,INR,Online,Declined,0,37
196,73,42,2024-11-20 04:59:58,96020,INR,POS,Approved,0,96
197,152,8,2024-11-08 00:47:36,87463,INR,ATM,Declined,0,36
198,241,21,2025-05-10 09:45:37,63029,INR,Online,Declined,0,87
199,18,5,2025-02-21 16:54:27,89448,INR,POS,Approved,0,83
200,6,30,2024-10-24 13:38:31,20058,INR,POS,Approved,1,67
201,188,10,2025-04-21 12:36:32,92622,INR,ATM,Pending,0,34
202,1,4,2024-09-10 21:21:12,33556,INR,POS,Approved,0,14
203,171,47,2025-05-23 14:01:36,98896,INR,ATM,Declined,0,43
204,285,43,2025-05-15 11:56:52,72018,INR,POS,Approved,0,38
205,269,21,2025-05-14 15:22:36,47546,INR,ATM,Declined,1,91
206,213,40,2025-08-07 07:26:34,14949,INR,Online,Declined,0,11
207,155,28,2024-12-14 00:52:01,39009,INR,POS,Declined,0,76
208,143,25,2025-02-14 08:21:19,38286,INR,POS,Declined,0,74
209,105,41,2025-06-28 15:47:21,39334,INR,POS,Pending,1,84
210,198,1,2025-02-01 14:29:28,42423,INR,ATM,Pending,0,92
211,123,6,2025-06-15 17:39:07,11421,INR,ATM,Declined,0,42
212,35,3,2024-09-15 04:06:02,89168,INR,POS,Declined,0,39
213,95,9,2025-02-22 12:19:35,3801,INR,POS,Declined,0,33
214,118,21,2025-04-28 21:24:03,93477,INR,Online,Approved,0,23
215,126,40,2024-10-23 05:38:18,19464,INR,POS,Pending,0,72
216,154,10,2025-05-26 03:03:31,55486,INR,POS,Pending,0,49
217,43,15,2025-05-16 15:00:05,3894,INR,Online,Pending,0,56
218,85,22,2025-02-23 05:41:49,66645,INR,ATM,Pending,0,90
219,158,48,2024-09-10 21:18:29,117,INR,POS,Approved,1,64
220,186,40,2025-04-08 07:51:22,39007,INR,ATM,Approved,0,16
221,192,1,2025-03-08 22:56:15,3741,INR,Online,Declined,0,93
222,3,44,2024-10-18 23:56:29,42129,INR,ATM,Approved,0,73
223,89,38,2025-04-16 21:44:59,56865,INR,POS,Declined,0,97
224,93,18,2025-02-04 03:17:13,65190,INR,ATM,Pending,1,28
225,13,40,2025-04-26 12:48:47,82450,INR,Online,Approved,0,4
226,199,37,2025-08-31 02:49:43,14919,INR,ATM,Approved,1,31
227,177,29,2025-06-06 10:54:42,25649,INR,ATM,Pending,1,9
228,231,46,2024-11-05 14:46:14,32064,INR,ATM,Pending,0,89
229,242,43,2025-05-20 17:20:23,29471,INR,Online,Pending,1,57
230,164,14,2024-12-13 01:17:57,49812,INR,Online,Approved,0,71
231,265,34,2024-12-16 17:30:45,59089,INR,POS,Approved,0,25
232,115,6,2025-05-01 15:54:10,16078,INR,Online,Pending,0,90
233,101,12,2025-08-24 01:53:52,39005,INR,Online,Declined,0,32
234,20,43,2025-05-13 07:19:22,13661,INR,Online,Declined,1,16
235,150,17,2025-02-18 16:18:15,18284,INR,ATM,Declined,1,43
236,238,37,2025-06-26 05:53:39,81516,INR,Online,Pending,0,88
237,103,31,2025-08-05 18:38:09,71252,INR,Online,Declined,0,97
238,136,33,2025-04-01 22:20:33,39116,INR,Online,Approved,0,16
239,273,10,2024-11-14 07:26:06,93108,INR,POS,Approved,1,61
240,76,27,2024-11-21 17:11:30,83840,INR,POS,Pending,0,48
241,11,16,2025-04-25 21:50:38,2086,INR,ATM,Declined,0,70
242,124,43,2025-04-23 19:05:14,27008,INR,POS,Pending,0,16
243,223,47,2025-08-02 08:59:39,31178,INR,POS,Declined,0,25
244,163,27,2025-05-13 04:31:46,11318,INR,ATM,Approved,0,90
245,39,50,2025-06-18 08:23:15,41478,INR,POS,Approved,0,90
246,12,2,2025-06-13 11:58:45,8735,INR,ATM,Declined,0,82
247,241,17,2024-12-02 05:11:45,40493,INR,POS,Declined,0,13
248,188,4,2025-01-27 04:17:06,52931,INR,ATM,Approved,0,6
249,236,41,2024-11-22 04:17:23,90288,INR,Online,Approved,0,60
250,173,33,2025-05-17 03:15:40,77061,INR,ATM,Pending,0,58
251,189,19,2025-06-29 04:05:26,18400,INR,POS,Pending,0,53
252,32,3,2024-11-21 17:02:57,55952,INR,ATM,Approved,1,93
253,107,48,2025-04-23 10:28:15,32667,INR,Online,Pending,1,21
254,283,47,2025-08-12 06:51:01,79232,INR,Online,Approved,0,99
255,285,12,2025-04-09 07:59:58,5787,INR,ATM,Approved,0,6
256,68,14,2024-09-03 15:25:17,48295,INR,Online,Declined,0,25
257,175,25,2025-04-17 04:28:27,76865,INR,POS,Pending,1,63
258,76,3,2025-07-13 19:49:17,94260,INR,ATM,Pending,0,54
259,79,40,2024-09-24 00:54:29,6269,INR,ATM,Approved,0,21
260,49,31,2025-03-03 19:34:12,22437,INR,ATM,Approved,0,51
261,261,9,2025-07-11 03:11:37,3459,INR,ATM,Approved,1,3
262,64,23,2024-09-12 09:55:38,97097,INR,Online,Approved,0,42
263,154,33,2025-06-07 13:45:34,26194,INR,POS,Pending,0,10
264,170,9,2024-11-08 08:25:00,41720,INR,POS,Pending,0,26
265,229,4,2025-08-18 15:32:29,86586,INR,ATM,Approved,0,67
266,171,6,2025-06-02 02:38:59,52648,INR,POS,Pending,0,49
267,99,17,2025-03-05 11:38:11,16564,INR,ATM,Pending,0,32
268,117,39,2025-07-09 01:30:27,37432,INR,POS,Pending,0,42
269,13,27,2025-02-25 12:19:49,42865,INR,ATM,Approved,0,54
270,131,21,2024-09-12 03:20:51,80585,INR,POS,Approved,0,100
271,147,20,2025-07-30 05:07:54,86785,INR,Online,Declined,1,38
272,282,36,2025-01-21 05:17:09,93057,INR,Online,Pending,0,39
273,277,23,2024-12-02 00:55:08,92910,INR,ATM,Approved,0,27
274,117,19,2025-03-30 16:56:49,12400,INR,POS,Declined,1,65
275,161,22,2025-04-11 22:02:46,43234,INR,POS,Approved,0,4
276,167,44,2025-01-08 00:44:31,92473,INR,POS,Declined,1,91
277,106,22,2024-10-12 03:07:23,92906,INR,Online,Pending,1,42
278,140,32,2025-08-10 18:39:56,56881,INR,ATM,Pending,1,24
279,270,12,2025-07-28 16:30:11,83655,INR,ATM,Pending,0,7
280,52,10,2024-12-16 11:16:14,11998,INR,ATM,Approved,0,68
281,136,22,2025-01-23 02:27:44,21016,INR,POS,Pending,0,1
282,141,31,2025-03-31 17:11:57,11237,INR,ATM,Approved,0,62
283,88,15,2024-11-07 21:28:53,87830,INR,POS,Approved,0,41
284,176,26,2025-07-14 00:20:31,32230,INR,POS,Declined,0,29
285,36,7,2024-10-09 18:51:38,3405,INR,Online,Approved,0,27
286,291,13,2024-09-15 07:12:02,97161,INR,POS,Approved,0,32
287,36,48,2025-04-22 19:29:01,76093,INR,ATM,Approved,0,31
288,103,37,2024-11-15 10:56:05,72768,INR,Online,Approved,0,6
289,73,39,2025-05-03 20:39:07,47081,INR,Online,Approved,0,13
290,67,15,2024-09-26 01:27:29,39513,INR,Online,Declined,0,72
291,227,43,2024-10-12 13:47:31,89844,INR,ATM,Approved,1,32
292,225,42,2024-12-25 12:13:44,45207,INR,Online,Pending,0,28
293,223,26,2025-03-21 14:44:33,77883,INR,Online,Approved,0,76
294,33,34,2025-08-24 01:58:17,27986,INR,POS,Pending,0,45
295,251,31,2024-09-04 15:38:23,80653,INR,ATM,Approved,0,13
296,225,8,2024-09-21 20:46:55,7210,INR,Online,Pending,0,49
297,148,24,2025-04-04 15:14:50,8783,INR,Online,Approved,0,43
298,66,31,2024-09-18 04:36:23,24387,INR,Online,Approved,0,3
299,125,43,2025-05-26 18:11:50,13647,INR,Online,Declined,1,64
300,70,14,2025-01-05 22:18:17,42882,INR,Online,Declined,0,74
301,297,25,2024-12-05 19:38:49,99080,INR,POS,Declined,0,72
302,281,9,2025-07-05 11:11:59,50500,INR,Online,Pending,1,43
303,210,47,2024-11-13 00:54:21,22517,INR,POS,Approved,0,48
304,289,1,2025-02-26 03:53:20,97379,INR,ATM,Declined,0,3
305,174,28,2025-05-04 06:22:02,42287,INR,Online,Approved,0,82
306,230,38,2025-08-11 10:21:20,94756,INR,Online,Pending,0,82
307,125,13,2025-04-12 23:35:39,4773,INR,ATM,Approved,0,40
308,284,9,2024-12-10 03:10:27,81115,INR,POS,Pending,1,24
309,300,34,2025-02-06 11:28:12,86680,INR,Online,Pending,0,26
310,168,5,2025-02-25 21:33:36,40515,INR,ATM,Declined,0,47
311,12,9,2025-07-19 10:21:10,54848,INR,POS,Declined,0,10
312,114,28,2024-12-15 04:03:12,65862,INR,Online,Approved,1,53
313,211,48,2025-04-04 03:18:03,67318,INR,POS,Pending,1,81
314,122,17,2025-04-15 20:24:52,87738,INR,POS,Pending,0,63
315,134,3,2025-08-12 05:28:38,82179,INR,ATM,Pending,1,62
316,242,11,2025-01-31 02:34:56,88322,INR,POS,Pending,0,68
317,213,10,2025-07-30 05:10:38,81836,INR,POS,Pending,0,30
318,257,27,2025-07-21 02:44:34,32122,INR,POS,Pending,0,82
319,52,13,2025-05-18 21:26:43,86890,INR,ATM,Pending,0,98
320,242,29,2025-01-04 17:30:44,89838,INR,ATM,Pending,0,20
321,68,23,2025-03-25 20:30:52,52218,INR,POS,Approved,0,68
322,111,1,2024-09-22 11:55:17,64817,INR,POS,Approved,0,15
323,4,17,2024-10-12 17:04:53,23759,INR,POS,Pending,0,86
324,172,49,2025-06-22 04:10:24,66935,INR,POS,Approved,0,84
325,21,39,2024-09-20 23:23:04,44521,INR,POS,Declined,0,75
326,214,25,2024-12-30 07:29:56,58086,INR,ATM,Approved,0,30
327,33,36,2025-03-01 22:59:15,28060,INR,Online,Approved,0,59
328,283,34,2024-12-08 17:02:15,30330,INR,Online,Declined,0,97
329,127,23,2025-06-17 17:26:41,15400,INR,POS,Pending,0,47
330,22,24,2025-05-15 18:02:10,43904,INR,POS,Declined,0,14
331,83,16,2024-12-28 02:59:25,28311,INR,Online,Declined,0,28
332,260,22,2025-06-06 13:41:19,1097,INR,ATM,Pending,0,92
333,170,6,2025-06-02 19:31:22,10769,INR,ATM,Declined,1,32
334,81,25,2024-09-28 17:47:54,72294,INR,ATM,Declined,0,7
335,39,2,2025-06-08 07:25:37,68656,INR,POS,Approved,0,45
336,67,34,2024-11-26 12:17:32,19405,INR,POS,Approved,0,90
337,122,45,2025-01-26 13:41:28,43468,INR,POS,Declined,0,94
338,273,24,2025-07-04 11:28:36,48061,INR,POS,Pending,0,61
339,268,7,2025-01-23 14:09:26,87573,INR,Online,Declined,0,86
340,216,1,2025-01-23 17:34:22,43679,INR,Online,Approved,0,96
341,155,22,2024-12-16 03:46:21,68995,INR,POS,Approved,0,30
342,189,50,2025-06-26 08:55:22,54853,INR,Online,Approved,0,87
343,40,35,2024-10-02 08:03:16,12068,INR,Online,Approved,0,30
344,205,13,2024-10-20 03:11:17,45129,INR,ATM,Approved,0,97
345,143,30,2024-10-09 16:32:56,40540,INR,ATM,Declined,0,87
346,80,25,2025-07-09 13:58:36,69352,INR,Online,Declined,0,21
347,159,11,2024-11-29 20:12:28,86706,INR,POS,Approved,0,32
348,64,34,2025-08-12 18:35:55,14403,INR,Online,Approved,0,52
349,179,8,2025-04-13 09:58:19,45142,INR,POS,Pending,0,77
350,40,20,2025-07-29 08:53:48,36299,INR,Online,Approved,0,69
351,137,24,2025-08-12 19:47:38,1251,INR,Online,Approved,0,57
352,274,5,2025-08-16 20:34:58,35905,INR,Online,Pending,0,88
353,4,34,2025-08-25 19:38:45,54023,INR,Online,Pending,0,84
354,79,11,2024-10-16 04:13:28,83868,INR,ATM,Approved,0,36
355,300,43,2025-04-26 11:40:13,40713,INR,POS,Pending,0,98
356,9,9,2025-07-04 08:14:48,56650,INR,Online,Approved,0,13
357,213,21,2024-09-13 08:32:47,71950,INR,Online,Approved,0,16
358,100,24,2025-07-29 17:08:06,89529,INR,POS,Pending,1,91
359,101,42,2024-12-19 14:45:13,23270,INR,POS,Approved,0,32
360,102,28,2024-11-09 20:41:00,49108,INR,POS,Pending,1,42
361,223,17,2024-12-18 16:48:04,62700,INR,POS,Approved,0,76
362,107,8,2025-06-20 14:18:17,3768,INR,ATM,Approved,0,75
363,229,23,2025-03-13 23:21:50,55181,INR,Online,Approved,0,23
364,269,35,2025-07-01 06:15:32,15204,INR,Online,Pending,0,5
365,281,1,2024-12-22 20:02:23,54666,INR,ATM,Declined,0,43
366,102,19,2025-06-22 06:40:22,33206,INR,POS,Declined,0,18
367,23,33,2024-10-31 16:24:42,13766,INR,POS,Declined,0,11
368,19,27,2025-04-30 13:14:30,16806,INR,ATM,Declined,0,70
369,18,38,2025-06-26 22:32:51,48619,INR,Online,Pending,1,87
370,19,13,2025-03-07 16:56:46,40764,INR,ATM,Pending,0,20
371,154,28,2025-07-31 17:01:00,7820,INR,ATM,Approved,0,51
372,170,20,2025-02-25 12:45:37,71187,INR,Online,Approved,0,10
373,181,36,2025-03-30 07:22:18,1348,INR,ATM,Pending,0,12
374,59,5,2025-05-24 13:32:25,80623,INR,POS,Pending,1,44
375,197,26,2025-06-20 21:17:24,15936,INR,ATM,Approved,0,72
376,75,3,2024-10-27 07:28:20,45202,INR,ATM,Declined,0,81
377,89,24,2024-11-16 02:37:32,36744,INR,ATM,Pending,0,16
378,76,15,2025-03-08 16:18:24,98675,INR,POS,Approved,0,60
379,104,27,2025-07-03 01:17:04,44407,INR,POS,Approved,0,27
380,300,4,2025-05-05 23:34:18,61311,INR,POS,Approved,0,60
381,41,13,2025-05-30 18:05:11,9785,INR,POS,Approved,1,57
382,219,10,2024-10-30 08:09:55,81296,INR,Online,Pending,0,15
383,244,29,2024-12-27 09:28:05,62068,INR,POS,Declined,0,8
384,157,26,2025-02-09 18:21:23,91620,INR,ATM,Approved,1,54
385,93,16,2025-07-25 04:47:45,40415,INR,POS,Declined,0,41
386,81,14,2024-11-29 12:56:07,88683,INR,Online,Declined,0,87
387,86,41,2024-12-03 03:28:24,23193,INR,ATM,Pending,0,2
388,41,17,2024-10-06 02:03:20,67093,INR,Online,Approved,0,73
389,202,44,2025-05-11 03:06:52,9761,INR,Online,Declined,0,51
390,191,9,2025-08-23 23:49:47,98681,INR,Online,Approved,0,49
391,205,37,2025-08-13 18:17:49,60444,INR,ATM,Approved,0,84
392,81,26,2024-10-30 22:36:45,21923,INR,Online,Declined,0,95
393,265,7,2025-02-27 22:22:56,8471,INR,Online,Pending,1,10
394,251,43,2025-05-08 07:13:04,3321,INR,Online,Approved,0,97
395,30,27,2025-08-13 08:48:40,27190,INR,POS,Declined,0,71
396,101,18,2025-06-16 18:12:40,59419,INR,Online,Pending,0,94
397,153,14,2025-01-02 03:06:29,81634,INR,POS,Pending,0,25
398,134,2,2025-07-03 08:39:06,68208,INR,Online,Approved,0,36
399,136,39,2025-04-14 18:54:30,30587,INR,ATM,Declined,0,21
400,225,5,2025-01-31 06:11:15,19605,INR,Online,Pending,1,76
401,298,48,2025-05-16 20:19:18,98502,INR,Online,Approved,0,55
402,288,35,2025-08-20 22:48:18,69880,INR,Online,Declined,0,18
403,292,34,2025-06-24 18:09:34,73833,INR,Online,Pending,0,87
404,113,25,2024-09-04 23:51:10,46030,INR,ATM,Declined,0,94
405,38,37,2025-01-18 05:13:15,30787,INR,Online,Declined,1,47
406,205,31,2025-08-03 12:53:18,96230,INR,ATM,Pending,0,19
407,129,1,2025-04-29 04:08:51,72032,INR,Online,Approved,0,7
408,180,33,2025-05-22 05:55:15,84248,INR,ATM,Approved,0,70
409,87,1,2025-02-13 01:39:14,45002,INR,ATM,Pending,0,21
410,224,23,2025-04-04 06:15:40,72537,INR,POS,Pending,0,82
411,260,24,2025-04-14 09:06:38,52358,INR,POS,Approved,1,31
412,22,3,2024-12-13 23:48:30,84727,INR,Online,Pending,0,14
413,76,18,2025-01-04 13:47:25,93644,INR,Online,Approved,0,60
414,41,25,2025-02-05 00:36:06,70488,INR,POS,Approved,0,86
415,158,21,2024-10-31 13:48:55,27261,INR,Online,Declined,1,37
416,54,15,2025-04-24 20:29:56,74194,INR,POS,Pending,0,34
417,128,40,2025-05-17 12:08:16,84679,INR,Online,Approved,1,76
418,240,4,2025-01-31 19:47:16,60438,INR,Online,Approved,0,26
419,244,39,2025-04-04 02:45:55,56871,INR,Online,Pending,0,19
420,212,15,2025-05-29 18:04:56,98473,INR,ATM,Approved,0,66
421,247,5,2025-08-01 15:16:12,74295,INR,Online,Pending,0,64
422,80,4,2025-06-08 12:00:55,89525,INR,POS,Declined,1,25
423,288,28,2024-11-29 01:31:20,72568,INR,ATM,Approved,0,10
424,237,30,2024-10-15 06:43:18,92158,INR,Online,Approved,0,12
425,45,10,2025-02-20 07:11:58,78217,INR,ATM,Pending,0,79
426,57,13,2025-07-08 01:43:41,8392,INR,POS,Pending,0,62
427,288,31,2025-05-06 03:30:06,6579,INR,POS,Declined,0,6
428,292,35,2025-08-18 06:54:10,60606,INR,ATM,Declined,0,73
429,220,28,2025-07-04 19:31:50,56933,INR,POS,Approved,0,75
430,90,18,2025-07-06 11:12:46,68153,INR,Online,Approved,1,21
431,255,48,2025-01-07 13:31:19,5339,INR,ATM,Approved,0,51
432,199,31,2025-08-06 21:48:15,96683,INR,ATM,Declined,0,35
433,25,33,2025-08-11 00:29:00,2461,INR,Online,Pending,1,69
434,117,43,2025-02-03 16:40:33,7993,INR,POS,Declined,1,14
435,5,10,2024-11-18 14:02:50,43559,INR,ATM,Pending,0,25
436,1,46,2025-04-18 09:08:51,66301,INR,ATM,Declined,0,13
437,6,14,2025-08-25 14:15:41,34916,INR,POS,Declined,0,42
438,65,33,2025-04-02 02:31:45,47619,INR,POS,Pending,0,74
439,160,9,2025-03-12 06:59:27,54859,INR,ATM,Approved,0,83
440,29,22,2024-10-20 23:52:09,20990,INR,POS,Approved,0,52
441,157,20,2024-10-11 12:12:09,39814,INR,Online,Pending,0,44
442,130,17,2025-06-17 18:49:16,48621,INR,POS,Declined,0,61
443,108,11,2024-12-28 05:27:49,93554,INR,POS,Declined,1,81
444,135,11,2025-01-26 03:37:39,93266,INR,ATM,Pending,0,93
445,276,3,2025-06-03 07:03:23,77190,INR,ATM,Pending,0,79
446,175,24,2025-08-27 01:45:53,48884,INR,Online,Approved,0,76
447,166,6,2025-08-18 08:19:10,68767,INR,Online,Pending,0,55
448,39,40,2025-02-28 20:03:48,3744,INR,ATM,Declined,0,3
449,57,21,2025-09-01 04:17:57,58880,INR,POS,Declined,0,70
450,129,19,2024-11-23 17:02:30,28159,INR,POS,Declined,0,92
451,136,34,2025-04-08 15:52:32,21065,INR,POS,Approved,0,59
452,252,15,2025-05-27 19:55:48,16604,INR,ATM,Declined,0,71
453,166,33,2025-03-01 06:47:14,30731,INR,Online,Approved,1,88
454,172,34,2024-12-03 12:26:59,28257,INR,ATM,Approved,0,60
455,100,5,2024-11-09 23:23:10,56251,INR,ATM,Approved,1,70
456,232,17,2025-04-05 04:10:58,87078,INR,POS,Declined,0,14
457,189,24,2025-06-15 19:31:57,59985,INR,POS,Pending,0,9
458,164,28,2025-04-20 18:05:56,60432,INR,ATM,Pending,0,49
459,205,18,2025-08-31 20:29:37,53843,INR,Online,Pending,0,98
460,248,9,2025-08-04 20:17:26,92123,INR,ATM,Pending,1,65
461,276,6,2024-12-05 08:41:08,9190,INR,POS,Declined,0,92
462,253,1,2025-04-02 13:02:20,62693,INR,ATM,Approved,0,55
463,241,17,2025-01-15 02:19:04,75355,INR,ATM,Declined,0,23
464,25,25,2025-08-31 06:47:18,98844,INR,Online,Approved,0,62
465,131,48,2025-03-31 21:51:38,30042,INR,POS,Pending,0,94
466,36,41,2025-01-25 00:39:04,67026,INR,ATM,Approved,0,86
467,68,19,2025-05-20 03:06:02,48337,INR,ATM,Declined,0,36
468,254,22,2024-12-18 07:47:03,97478,INR,Online,Pending,0,85
469,157,16,2025-06-27 20:44:00,69862,INR,POS,Approved,0,5
470,281,24,2025-06-02 03:01:59,43407,INR,ATM,Pending,0,10
471,7,36,2024-09-23 06:18:15,42772,INR,Online,Pending,0,27
472,133,9,2025-01-11 07:40:26,51471,INR,ATM,Declined,0,82
473,295,9,2024-11-26 08:07:22,74054,INR,POS,Declined,0,53
474,228,48,2025-04-29 07:31:57,10147,INR,Online,Pending,0,55
475,166,2,2025-09-02 16:37:59,87114,INR,POS,Approved,0,74
476,56,23,2025-08-17 00:46:43,8577,INR,ATM,Declined,0,9
477,234,43,2025-04-07 12:48:13,31791,INR,Online,Declined,0,79
478,245,45,2024-12-22 05:19:40,20298,INR,ATM,Pending,0,59
479,20,17,2025-03-09 12:31:37,26306,INR,ATM,Pending,0,100
480,67,7,2025-08-20 05:46:09,63356,INR,POS,Pending,0,2
481,230,18,2025-08-14 20:15:55,98944,INR,POS,Declined,1,42
482,284,1,2025-03-24 13:29:20,66543,INR,ATM,Declined,0,37
483,155,16,2024-12-13 17:45:23,5827,INR,ATM,Pending,1,98
484,270,9,2024-10-26 18:13:23,18581,INR,ATM,Approved,0,24
485,18,23,2025-06-26 15:44:26,91848,INR,POS,Approved,0,61
486,79,17,2024-12-03 17:12:50,50078,INR,Online,Approved,0,70
487,84,21,2024-12-02 02:37:01,19793,INR,POS,Declined,1,50
488,245,36,2024-11-26 00:43:28,73611,INR,ATM,Pending,0,40
489,97,40,2025-02-23 10:31:42,68300,INR,Online,Approved,0,80
490,165,46,2025-02-02 06:00:07,72454,INR,Online,Pending,0,55
491,261,46,2025-03-15 13:46:02,44399,INR,POS,Declined,0,25
492,26,8,2025-03-31 02:51:05,10464,INR,POS,Declined,0,1
493,110,30,2024-09-04 09:52:07,31152,INR,ATM,Pending,0,68
494,12,7,2025-02-05 10:34:22,59532,INR,POS,Pending,0,4
495,192,14,2025-04-04 21:16:44,14249,INR,POS,Declined,0,14
496,287,18,2025-04-26 12:39:40,77228,INR,POS,Approved,0,17
497,273,24,2024-12-15 07:00:49,53858,INR,ATM,Pending,0,70
498,6,9,2024-12-06 00:06:25,11309,INR,Online,Declined,0,40
499,264,24,2025-02-19 06:13:05,94127,INR,ATM,Approved,0,1
500,82,5,2025-01-15 06:31:05,98997,INR,ATM,Pending,0,89
501,230,35,2025-07-04 20:32:24,31456,INR,Online,Declined,1,95
502,221,34,2025-03-04 23:05:49,86290,INR,POS,Declined,0,1
503,84,45,2025-02-12 09:18:12,8241,INR,POS,Approved,0,3
504,119,7,2025-07-18 03:04:28,17455,INR,ATM,Pending,0,24
505,69,6,2025-04-16 20:12:38,96268,INR,ATM,Approved,1,77
506,195,5,2025-05-21 18:52:40,79712,INR,Online,Pending,0,62
507,105,38,2025-01-02 01:10:50,15226,INR,Online,Declined,0,82
508,151,24,2025-03-26 02:50:23,7029,INR,POS,Approved,1,37
509,56,29,2025-07-14 02:34:33,53897,INR,ATM,Declined,0,1
510,169,13,2024-11-21 08:56:14,89630,INR,ATM,Declined,0,43
511,193,47,2024-10-05 07:52:22,3823,INR,Online,Approved,0,11
512,234,13,2025-07-10 21:46:52,4745,INR,ATM,Approved,0,22
513,248,16,2025-06-13 07:52:52,72512,INR,ATM,Approved,0,33
514,195,25,2025-05-15 05:09:21,98906,INR,Online,Pending,0,92
515,13,44,2025-03-21 17:04:14,18410,INR,POS,Pending,0,38
516,43,45,2024-10-04 12:12:28,5139,INR,POS,Pending,0,45
517,267,26,2025-02-14 02:37:07,20833,INR,POS,Approved,0,49
518,55,24,2025-08-27 02:03:49,71584,INR,POS,Approved,0,35
519,102,2,2025-01-06 20:40:43,13414,INR,ATM,Declined,0,48
520,252,37,2025-05-13 16:31:24,88496,INR,ATM,Declined,0,24
521,268,4,2025-04-05 21:42:52,2313,INR,Online,Pending,0,12
522,77,18,2025-02-09 04:07:53,77796,INR,ATM,Approved,0,62
523,93,41,2025-06-25 22:41:11,21368,INR,ATM,Approved,0,50
524,135,43,2025-03-22 08:15:16,24550,INR,POS,Declined,0,56
525,200,11,2024-10-27 18:43:21,41147,INR,Online,Approved,0,50
526,229,23,2025-05-05 17:42:03,28437,INR,ATM,Pending,0,83
527,172,2,2025-07-29 03:08:52,72685,INR,ATM,Declined,0,12
528,252,8,2025-01-19 23:11:55,73614,INR,ATM,Pending,1,14
529,256,19,2024-11-22 23:37:08,19483,INR,ATM,Pending,0,5
530,213,33,2025-03-17 03:01:22,44248,INR,Online,Pending,1,35
531,170,27,2024-11-29 09:05:54,49541,INR,Online,Declined,0,49
532,144,14,2024-11-19 03:11:21,27045,INR,POS,Approved,0,26
533,182,15,2024-09-14 23:43:25,67562,INR,POS,Approved,0,6
534,284,12,2025-04-08 19:05:14,74177,INR,Online,Approved,0,14
535,253,36,2025-07-02 02:22:42,6777,INR,ATM,Approved,0,37
536,292,23,2024-09-09 12:58:10,96763,INR,Online,Declined,0,43
537,110,10,2025-03-01 22:38:24,22896,INR,Online,Declined,0,20
538,66,25,2025-05-19 07:26:01,74265,INR,POS,Pending,0,73
539,271,16,2024-09-24 22:15:18,3735,INR,Online,Approved,0,59
540,184,33,2025-04-11 21:55:37,79063,INR,POS,Approved,1,91
541,19,25,2025-01-22 20:14:01,68587,INR,Online,Approved,0,81
542,93,27,2025-06-12 09:24:37,40837,INR,ATM,Declined,0,33
543,97,29,2025-05-27 02:06:12,51805,INR,Online,Approved,0,88
544,210,11,2024-10-28 14:01:17,40564,INR,ATM,Pending,0,95
545,125,21,2025-01-08 16:25:36,83851,INR,POS,Pending,0,34
546,62,39,2024-10-26 05:35:42,2791,INR,POS,Approved,0,94
547,263,20,2024-10-16 02:14:35,78528,INR,POS,Declined,0,41
548,20,10,2024-11-01 05:03:41,83808,INR,Online,Approved,0,43
549,39,22,2024-09-15 11:07:49,1938,INR,ATM,Pending,0,24
550,95,23,2025-03-21 18:49:09,60585,INR,POS,Pending,1,12
551,207,14,2024-11-18 23:11:43,5552,INR,ATM,Approved,0,13
552,212,7,2025-08-10 11:56:51,71620,INR,Online,Approved,1,86
553,10,22,2025-03-30 19:22:17,46913,INR,Online,Approved,0,86
554,123,10,2025-05-13 10:40:21,77271,INR,POS,Pending,0,32
555,244,27,2025-07-24 19:00:20,8783,INR,Online,Declined,1,37
556,94,17,2024-10-15 15:56:09,17125,INR,POS,Declined,0,90
557,284,10,2025-07-18 14:46:25,67643,INR,ATM,Approved,0,79
558,69,24,2025-02-04 01:40:36,28036,INR,ATM,Approved,0,30
559,27,25,2025-01-26 01:32:42,55111,INR,POS,Declined,1,37
560,287,14,2025-02-03 22:46:48,25143,INR,Online,Approved,0,2
561,215,4,2025-07-22 20:36:34,68874,INR,ATM,Pending,0,84
562,52,30,2025-06-22 10:45:01,27877,INR,POS,Pending,0,43
563,133,1,2025-06-01 08:38:00,97757,INR,Online,Pending,0,65
564,127,15,2025-03-19 17:07:28,89886,INR,ATM,Pending,0,11
565,13,45,2024-11-22 19:01:21,25465,INR,Online,Declined,0,77
566,21,30,2025-06-17 04:15:22,40982,INR,POS,Declined,0,80
567,4,40,2024-12-18 21:49:27,79285,INR,ATM,Approved,0,65
568,50,50,2024-10-23 15:09:12,76347,INR,POS,Declined,0,60
569,221,10,2025-03-07 02:27:36,32420,INR,POS,Pending,0,5
570,144,33,2025-03-01 22:33:37,74028,INR,Online,Pending,0,97
571,133,48,2025-04-16 15:36:41,58054,INR,Online,Declined,0,80
572,97,14,2025-05-06 20:15:05,94717,INR,ATM,Approved,0,76
573,199,1,2025-07-30 15:11:34,87459,INR,Online,Pending,0,100
574,175,37,2025-07-29 07:54:14,9320,INR,Online,Pending,0,60
575,272,41,2025-07-25 06:28:42,67258,INR,Online,Approved,0,61
576,114,26,2025-01-08 19:39:29,76478,INR,Online,Pending,0,32
577,110,34,2025-07-07 05:32:03,75512,INR,ATM,Approved,0,54
578,222,8,2025-07-28 19:07:40,16704,INR,ATM,Pending,0,43
579,57,11,2025-03-11 23:26:57,93103,INR,ATM,Pending,1,9
580,90,37,2025-04-04 11:34:50,30064,INR,POS,Approved,0,57
581,110,44,2025-02-05 08:17:08,34758,INR,POS,Approved,0,61
582,164,35,2025-07-19 22:26:12,8802,INR,Online,Declined,1,48
583,246,6,2025-06-07 10:58:09,18655,INR,ATM,Declined,0,98
584,188,25,2025-08-09 16:40:53,63300,INR,Online,Pending,1,32
585,32,36,2025-05-24 17:33:51,87806,INR,Online,Approved,1,2
586,206,7,2025-03-28 07:00:48,23285,INR,ATM,Approved,0,10
587,191,42,2024-12-09 09:54:56,46376,INR,POS,Approved,0,18
588,164,45,2024-11-11 16:30:18,69652,INR,POS,Approved,0,46
589,72,18,2025-01-31 04:38:14,98572,INR,ATM,Pending,0,6
590,52,26,2025-08-16 04:28:14,88750,INR,POS,Pending,1,98
591,286,38,2024-09-21 04:53:06,67540,INR,ATM,Approved,0,39
592,102,38,2024-12-13 16:53:21,87128,INR,Online,Approved,0,56
593,151,26,2024-12-02 16:16:04,13644,INR,Online,Declined,0,50
594,294,38,2025-03-30 14:00:18,41364,INR,ATM,Approved,0,62
595,295,7,2025-02-19 02:50:05,19884,INR,POS,Declined,0,73
596,3,43,2025-07-17 13:29:35,36640,INR,Online,Approved,0,93
597,257,6,2025-07-29 17:40:27,36625,INR,ATM,Declined,0,33
598,85,20,2025-03-15 02:20:38,61525,INR,ATM,Approved,0,86
599,131,21,2025-08-28 18:23:49,51307,INR,POS,Declined,0,12
600,293,36,2024-12-03 23:13:20,98790,INR,POS,Approved,0,12
601,10,7,2025-08-03 11:25:36,1810,INR,ATM,Approved,0,2
602,21,3,2025-04-14 11:14:22,59827,INR,Online,Approved,0,41
603,259,46,2025-06-24 07:21:27,82334,INR,Online,Approved,0,45
604,203,5,2024-11-03 04:27:11,59555,INR,POS,Approved,0,35
605,41,1,2025-05-08 21:17:28,15490,INR,POS,Pending,0,3
606,10,10,2024-11-29 05:49:53,75346,INR,Online,Approved,0,93
607,73,2,2025-04-24 12:28:29,87251,INR,Online,Declined,0,51
608,38,37,2024-10-16 02:24:07,36655,INR,ATM,Approved,1,79
609,131,6,2024-09-17 10:31:53,56174,INR,ATM,Pending,0,62
610,128,21,2024-09-22 17:18:42,91750,INR,POS,Approved,0,48
611,234,7,2025-02-20 06:42:54,56569,INR,POS,Approved,0,39
612,9,36,2025-07-14 14:10:57,97313,INR,Online,Declined,0,24
613,229,21,2025-03-13 02:07:17,42717,INR,POS,Approved,0,6
614,17,42,2025-01-01 08:57:05,69590,INR,ATM,Approved,0,62
615,230,44,2024-12-17 05:18:34,8892,INR,Online,Declined,0,73
616,132,3,2025-05-08 08:52:50,96865,INR,POS,Pending,0,82
617,226,22,2024-11-02 23:31:26,51181,INR,ATM,Approved,0,21
618,110,18,2025-08-02 20:33:53,48455,INR,ATM,Pending,0,56
619,252,33,2024-11-12 03:27:26,18733,INR,Online,Pending,0,1
620,111,8,2025-02-18 18:12:44,58776,INR,Online,Declined,1,55
621,156,12,2025-08-07 10:34:00,3941,INR,ATM,Declined,0,56
622,97,23,2025-08-24 06:48:51,38180,INR,Online,Pending,1,25
623,162,1,2025-02-14 12:09:27,399,INR,POS,Declined,0,69
624,148,9,2025-04-20 08:33:54,8819,INR,Online,Pending,0,7
625,42,17,2024-11-16 21:29:38,71930,INR,POS,Approved,0,93
626,144,17,2025-08-17 00:40:36,39622,INR,POS,Pending,0,98
627,114,43,2025-01-10 08:53:21,60459,INR,Online,Pending,0,87
628,205,10,2025-05-31 12:46:33,89289,INR,Online,Approved,1,27
629,26,22,2025-03-22 04:39:00,35934,INR,POS,Pending,0,12
630,112,39,2025-08-05 03:15:56,12579,INR,Online,Pending,0,92
631,101,34,2025-05-23 20:11:31,17538,INR,POS,Declined,0,86
632,257,25,2025-03-11 15:09:14,85504,INR,ATM,Declined,0,8
633,97,24,2024-12-21 05:30:35,76599,INR,POS,Approved,1,37
634,15,13,2025-06-15 06:59:58,65045,INR,Online,Pending,0,47
635,51,15,2025-04-29 12:23:08,35923,INR,Online,Declined,1,5
636,259,42,2024-12-16 11:19:19,15815,INR,POS,Pending,1,91
637,208,14,2025-08-05 22:03:38,16020,INR,Online,Pending,1,83
638,256,34,2024-10-15 18:02:57,42283,INR,POS,Approved,0,4
639,235,25,2024-12-06 07:48:12,61652,INR,POS,Declined,0,32
640,263,10,2025-04-04 22:27:11,31180,INR,ATM,Pending,0,68
641,33,7,2025-04-10 15:37:25,62385,INR,POS,Approved,0,16
642,122,1,2025-08-20 10:29:28,72629,INR,Online,Declined,0,50
643,21,25,2025-07-06 19:47:49,10747,INR,ATM,Approved,1,50
644,264,18,2025-03-02 14:39:19,45459,INR,ATM,Declined,0,73
645,189,47,2025-07-30 14:41:49,67738,INR,POS,Declined,0,94
646,88,37,2025-05-31 19:26:51,11503,INR,ATM,Declined,0,95
647,297,9,2025-08-01 23:08:55,96450,INR,ATM,Approved,0,34
648,214,41,2024-09-05 22:35:14,80244,INR,Online,Pending,0,19
649,143,1,2024-10-30 06:06:20,83245,INR,Online,Declined,0,12
650,140,44,2024-10-27 22:21:44,15647,INR,ATM,Declined,0,96
651,86,45,2024-12-22 16:17:59,11340,INR,ATM,Approved,1,33
652,204,50,2025-06-08 13:29:49,5675,INR,ATM,Approved,0,32
653,149,14,2025-07-10 21:37:34,63184,INR,ATM,Declined,0,35
654,281,22,2025-06-16 18:51:35,7742,INR,Online,Approved,0,50
655,95,36,2024-10-20 15:25:49,73168,INR,ATM,Declined,0,77
656,91,38,2025-06-22 00:14:30,20964,INR,POS,Declined,0,19
657,288,40,2025-03-22 14:18:27,34340,INR,POS,Declined,0,58
658,201,22,2025-06-07 19:07:17,77169,INR,POS,Approved,0,32
659,226,14,2025-06-20 00:36:31,54406,INR,POS,Declined,0,39
660,49,27,2025-02-10 13:07:12,53617,INR,ATM,Approved,0,7
661,278,18,2025-08-17 09:32:46,53715,INR,POS,Pending,1,11
662,185,37,2024-09-04 17:03:45,97065,INR,POS,Declined,0,80
663,103,32,2024-10-05 10:59:48,73143,INR,POS,Approved,1,93
664,45,18,2025-08-30 00:06:17,91057,INR,ATM,Pending,1,25
665,126,16,2024-12-10 04:57:19,79385,INR,POS,Declined,0,81
666,38,25,2024-11-23 15:20:09,43519,INR,POS,Pending,0,99
667,166,36,2024-10-29 08:18:52,86420,INR,Online,Pending,0,91
668,192,5,2025-06-05 16:51:45,95326,INR,ATM,Pending,0,29
669,119,18,2025-08-14 09:01:15,60816,INR,Online,Approved,0,47
670,166,19,2024-11-01 09:47:31,80599,INR,POS,Pending,0,90
671,70,9,2025-05-16 16:52:58,93311,INR,POS,Declined,0,96
672,217,25,2024-09-22 17:36:36,29462,INR,Online,Approved,0,14
673,197,29,2025-01-16 21:07:33,78211,INR,Online,Declined,1,27
674,99,33,2025-06-27 02:36:23,41477,INR,Online,Approved,0,12
675,113,3,2025-05-23 09:19:22,94809,INR,POS,Declined,1,82
676,268,24,2024-12-17 16:04:00,21813,INR,Online,Approved,0,62
677,211,4,2025-01-30 15:29:27,46348,INR,Online,Pending,0,33
678,28,48,2025-04-22 10:39:58,44935,INR,POS,Pending,0,44
679,223,8,2025-07-01 17:19:35,32141,INR,POS,Declined,0,6
680,153,41,2024-09-24 13:26:48,87652,INR,ATM,Approved,1,98
681,102,18,2024-12-22 10:53:27,49843,INR,ATM,Approved,1,94
682,178,40,2025-01-27 02:51:36,40201,INR,Online,Approved,1,40
683,111,40,2025-04-15 08:37:07,26132,INR,POS,Approved,0,10
684,158,17,2025-01-24 07:49:03,83117,INR,Online,Approved,0,17
685,211,18,2024-09-11 05:59:54,87555,INR,POS,Declined,1,60
686,249,47,2025-03-03 02:18:11,45724,INR,ATM,Approved,0,40
687,84,14,2025-08-15 10:02:44,51930,INR,ATM,Approved,0,52
688,19,29,2025-02-08 14:59:17,80925,INR,POS,Declined,1,67
689,75,13,2025-08-31 13:14:38,87289,INR,Online,Approved,0,69
690,92,32,2025-08-27 23:14:05,6070,INR,Online,Pending,0,25
691,27,11,2025-04-06 07:09:04,41155,INR,POS,Pending,0,61
692,247,33,2025-04-13 12:26:27,27025,INR,Online,Pending,1,58
693,111,31,2024-11-14 10:45:35,24711,INR,Online,Declined,0,83
694,94,3,2024-10-06 18:41:48,4570,INR,POS,Declined,0,84
695,133,42,2025-02-28 13:05:07,19311,INR,ATM,Approved,0,52
696,148,2,2025-07-17 02:16:54,75592,INR,Online,Approved,1,33
697,263,50,2025-05-31 04:36:09,20914,INR,Online,Declined,0,70
698,205,45,2025-02-07 05:58:11,29617,INR,POS,Declined,1,81
699,284,48,2024-11-15 16:56:23,7516,INR,POS,Approved,0,52
700,34,17,2025-07-19 00:21:26,8435,INR,POS,Declined,1,22
701,124,48,2025-07-04 04:42:15,20889,INR,ATM,Declined,0,90
702,67,27,2025-06-20 08:20:24,57378,INR,ATM,Declined,0,77
703,64,34,2025-02-27 22:28:19,26815,INR,ATM,Approved,0,69
704,198,35,2025-07-25 08:57:19,60917,INR,ATM,Pending,0,57
705,53,12,2025-01-17 17:44:46,36669,INR,POS,Pending,0,75
706,233,15,2024-10-30 01:19:05,45663,INR,ATM,Declined,0,77
707,222,34,2024-11-22 11:41:47,39330,INR,Online,Pending,0,62
708,133,31,2025-04-25 14:12:47,55909,INR,Online,Approved,0,17
709,91,8,2024-12-19 06:02:03,14455,INR,POS,Approved,0,99
710,201,36,2025-03-18 14:41:52,27929,INR,Online,Approved,0,81
711,236,50,2025-06-28 13:48:26,90923,INR,Online,Declined,0,36
712,130,10,2025-01-10 20:10:44,59593,INR,ATM,Pending,0,86
713,99,23,2025-05-27 01:36:19,24190,INR,Online,Approved,0,93
714,20,26,2025-07-28 11:12:48,5827,INR,Online,Pending,0,77
715,43,3,2025-04-26 16:23:18,35714,INR,POS,Declined,0,13
716,91,42,2025-05-15 02:15:36,31987,INR,POS,Approved,0,1
717,23,2,2025-07-24 01:33:41,82167,INR,Online,Pending,1,34
718,255,7,2025-06-20 16:43:44,73641,INR,POS,Approved,0,41
719,67,22,2024-10-14 01:59:20,20047,INR,POS,Pending,0,65
720,264,45,2025-04-12 21:59:18,26003,INR,POS,Approved,0,43
721,226,30,2025-05-19 03:18:52,62253,INR,Online,Declined,0,22
722,194,9,2024-10-09 06:56:20,70964,INR,ATM,Approved,0,77
723,93,11,2025-06-27 14:49:59,16447,INR,Online,Pending,0,13
724,162,44,2024-11-20 04:12:38,73196,INR,ATM,Approved,0,83
725,39,19,2024-11-28 13:46:23,55179,INR,ATM,Pending,0,86
726,31,21,2025-06-28 09:05:43,80912,INR,ATM,Approved,0,38
727,246,22,2024-09-08 06:04:49,59368,INR,ATM,Pending,0,86
728,42,18,2024-12-31 21:00:57,87128,INR,POS,Pending,0,76
729,87,19,2025-04-13 03:44:50,97365,INR,POS,Pending,0,12
730,236,11,2025-06-16 15:47:59,38576,INR,POS,Declined,1,56
731,237,6,2024-11-15 09:39:08,98000,INR,Online,Approved,0,8
732,47,45,2025-07-12 16:20:13,22721,INR,POS,Approved,0,1
733,45,19,2024-09-25 01:11:43,94147,INR,Online,Approved,1,12
734,262,10,2025-04-06 07:02:33,13528,INR,ATM,Approved,0,45
735,195,14,2025-07-04 22:06:54,38656,INR,POS,Approved,1,5
736,86,21,2025-05-10 12:56:27,34219,INR,POS,Pending,1,42
737,40,12,2025-09-01 17:36:08,71798,INR,POS,Declined,0,17
738,246,29,2025-03-13 23:50:25,72314,INR,ATM,Approved,0,94
739,220,23,2025-01-10 14:09:22,15745,INR,ATM,Declined,0,31
740,271,15,2024-12-19 09:05:13,35623,INR,Online,Pending,0,87
741,10,24,2025-04-27 17:28:50,69857,INR,Online,Pending,0,87
742,103,35,2025-01-14 18:50:12,75911,INR,POS,Declined,0,24
743,118,5,2025-06-27 02:23:45,29902,INR,POS,Declined,1,81
744,154,44,2025-02-11 06:41:36,67990,INR,ATM,Approved,1,90
745,190,18,2025-07-25 17:11:51,88186,INR,Online,Pending,0,33
746,130,31,2025-03-30 22:59:34,67986,INR,POS,Pending,0,53
747,204,11,2025-02-08 11:29:17,40189,INR,Online,Declined,0,94
748,113,2,2024-10-30 02:54:55,42968,INR,ATM,Pending,0,49
749,115,35,2025-04-09 07:25:26,45945,INR,Online,Pending,1,69
750,190,31,2025-01-01 01:51:34,87681,INR,ATM,Approved,1,74
751,181,42,2025-04-24 03:32:28,61385,INR,POS,Approved,0,51
752,41,46,2025-04-15 05:24:49,69932,INR,POS,Pending,1,30
753,201,14,2024-12-24 15:19:01,56904,INR,ATM,Pending,0,91
754,166,23,2025-04-09 02:30:29,29461,INR,POS,Declined,0,3
755,214,14,2025-06-25 04:40:36,61972,INR,POS,Declined,0,29
756,55,10,2025-07-05 14:07:05,73673,INR,Online,Approved,0,10
757,188,22,2024-11-06 13:31:41,26259,INR,POS,Approved,0,81
758,233,44,2025-08-26 04:18:03,11001,INR,Online,Approved,1,65
759,159,47,2024-09-16 00:40:32,40758,INR,ATM,Pending,0,30
760,183,2,2025-02-11 00:55:41,14715,INR,Online,Approved,0,57
761,294,50,2025-06-19 19:03:14,30807,INR,POS,Declined,0,74
762,297,9,2025-01-06 03:45:39,19166,INR,Online,Declined,0,28
763,161,10,2025-05-27 04:04:07,2037,INR,Online,Declined,0,82
764,166,2,2025-08-04 15:29:41,87945,INR,Online,Declined,0,13
765,47,49,2024-11-02 10:32:13,62587,INR,POS,Approved,0,89
766,184,24,2024-09-03 20:58:00,1614,INR,Online,Approved,1,58
767,49,31,2025-08-09 17:56:24,93205,INR,ATM,Declined,0,81
768,256,6,2025-05-09 01:05:13,62360,INR,Online,Pending,0,59
769,194,18,2025-03-09 07:20:10,22257,INR,Online,Pending,0,1
770,164,27,2025-01-17 21:50:00,69350,INR,ATM,Declined,0,56
771,86,36,2025-04-14 22:46:51,25401,INR,ATM,Pending,0,53
772,39,24,2024-11-21 05:03:03,90203,INR,POS,Approved,0,77
773,281,8,2025-05-26 00:26:53,87025,INR,ATM,Pending,0,32
774,49,12,2025-06-16 03:04:30,46027,INR,POS,Declined,0,56
775,176,39,2025-05-08 10:03:11,23174,INR,ATM,Pending,0,25
776,275,8,2024-10-13 00:03:18,3373,INR,Online,Approved,0,85
777,269,3,2025-04-04 21:48:58,89626,INR,Online,Pending,0,67
778,16,45,2024-09-15 20:12:57,34687,INR,ATM,Declined,0,84
779,275,43,2025-02-26 01:22:55,32120,INR,POS,Pending,0,84
780,26,5,2025-07-07 16:41:49,42942,INR,ATM,Declined,0,96
781,167,38,2025-03-22 12:04:46,84279,INR,POS,Approved,0,11
782,10,37,2024-11-17 19:33:02,55300,INR,ATM,Declined,0,39
783,37,5,2025-04-08 01:43:40,85091,INR,ATM,Declined,0,50
784,244,26,2025-07-23 17:52:46,34569,INR,Online,Approved,1,51
785,158,23,2025-04-30 08:13:50,71697,INR,Online,Declined,1,40
786,198,49,2024-10-07 15:19:36,69590,INR,POS,Approved,0,40
787,148,31,2025-02-11 16:15:04,96253,INR,POS,Pending,0,55
788,80,49,2025-04-07 17:25:16,36746,INR,ATM,Approved,0,72
789,78,6,2025-01-17 20:43:01,51704,INR,ATM,Pending,0,37
790,43,49,2025-02-06 21:39:10,74651,INR,Online,Declined,0,52
791,209,2,2024-12-24 00:12:46,90015,INR,ATM,Pending,0,12
792,149,12,2025-02-11 12:35:15,44897,INR,Online,Pending,0,37
793,166,35,2025-04-16 01:10:56,59555,INR,ATM,Approved,0,43
794,204,18,2024-12-13 12:28:24,37583,INR,ATM,Approved,1,46
795,194,41,2025-01-31 09:34:13,50399,INR,POS,Declined,0,43
796,259,26,2024-10-27 23:02:46,42457,INR,POS,Declined,0,98
797,294,41,2024-11-04 07:11:42,34432,INR,POS,Declined,0,83
798,32,30,2025-08-31 19:38:50,74924,INR,POS,Declined,0,70
799,143,1,2025-06-14 21:06:46,32551,INR,ATM,Pending,0,13
800,205,32,2025-05-11 05:19:45,98129,INR,POS,Pending,0,53
801,217,47,2025-02-28 09:10:50,72561,INR,Online,Declined,1,23
802,52,31,2024-11-20 18:33:08,78656,INR,ATM,Declined,0,4
803,272,10,2024-09-23 20:06:20,11772,INR,Online,Pending,0,17
804,280,10,2025-03-23 09:06:28,89659,INR,POS,Pending,0,15
805,177,25,2025-06-12 08:24:34,85612,INR,ATM,Approved,0,56
806,178,47,2024-11-09 08:32:56,60137,INR,ATM,Approved,0,15
807,265,32,2025-08-20 06:37:18,50538,INR,POS,Pending,0,99
808,89,32,2025-03-17 03:28:56,82037,INR,ATM,Declined,0,16
809,4,30,2024-11-15 15:32:54,90703,INR,Online,Pending,0,11
810,118,3,2024-09-22 07:52:57,5737,INR,Online,Approved,0,32
811,230,19,2025-05-04 07:50:33,78581,INR,Online,Approved,0,98
812,223,34,2024-09-03 17:00:10,65480,INR,ATM,Pending,0,25
813,170,31,2024-10-29 23:38:51,66386,INR,POS,Pending,0,27
814,33,24,2025-08-18 13:11:28,86172,INR,ATM,Approved,0,82
815,141,1,2025-02-05 03:54:29,30506,INR,POS,Pending,0,71
816,68,22,2025-01-17 10:50:07,11229,INR,POS,Declined,0,77
817,140,37,2025-05-08 07:54:58,97298,INR,ATM,Pending,0,29
818,280,25,2025-01-18 04:28:14,61340,INR,ATM,Approved,0,89
819,133,42,2025-06-08 08:01:41,29946,INR,Online,Approved,1,22
820,34,38,2024-10-29 13:36:47,36489,INR,ATM,Approved,1,24
821,158,23,2025-02-09 11:59:06,69002,INR,ATM,Pending,0,32
822,168,15,2025-03-08 19:25:21,43361,INR,ATM,Approved,1,70
823,88,2,2024-11-18 23:42:27,97053,INR,Online,Approved,0,83
824,287,11,2025-07-25 05:11:22,93705,INR,Online,Declined,0,75
825,60,26,2024-12-11 13:21:09,66963,INR,ATM,Declined,0,27
826,267,48,2025-07-10 21:22:59,82079,INR,POS,Approved,0,54
827,135,33,2024-11-30 01:12:15,78527,INR,Online,Pending,1,45
828,26,27,2024-11-24 11:06:47,35796,INR,ATM,Declined,0,20
829,184,38,2025-02-09 02:23:32,42826,INR,ATM,Pending,0,94
830,28,27,2025-06-21 13:11:59,60798,INR,ATM,Approved,0,6
831,139,20,2024-09-05 07:02:31,91686,INR,Online,Pending,0,40
832,113,41,2025-02-22 07:32:10,72884,INR,ATM,Declined,0,15
833,143,41,2025-03-25 12:41:37,67677,INR,POS,Approved,0,8
834,55,49,2025-06-18 00:53:59,95427,INR,ATM,Approved,0,64
835,131,7,2025-03-17 21:54:36,51675,INR,POS,Declined,0,14
836,51,50,2025-02-04 13:43:59,90287,INR,ATM,Pending,0,23
837,250,41,2025-08-21 12:43:18,45403,INR,ATM,Pending,0,33
838,292,30,2025-03-25 08:43:32,98496,INR,ATM,Approved,0,23
839,24,49,2025-03-17 06:07:13,43588,INR,POS,Declined,1,93
840,42,50,2025-05-26 00:52:44,31247,INR,ATM,Approved,0,51
841,34,37,2024-12-09 12:38:55,80138,INR,ATM,Approved,1,10
842,22,30,2025-02-23 04:09:25,39355,INR,POS,Declined,1,54
843,60,8,2025-06-06 08:03:05,85022,INR,ATM,Declined,0,34
844,114,45,2025-05-28 05:08:28,50829,INR,ATM,Approved,0,43
845,218,41,2025-02-12 11:44:33,78083,INR,ATM,Approved,0,35
846,32,31,2024-11-20 17:43:17,78375,INR,ATM,Declined,0,11
847,162,7,2024-12-22 22:19:13,42392,INR,Online,Declined,0,31
848,49,2,2025-03-11 14:33:49,99454,INR,POS,Pending,0,5
849,294,19,2024-10-24 16:28:45,91631,INR,POS,Pending,0,81
850,30,30,2024-12-08 04:00:33,68217,INR,Online,Approved,0,7
851,259,24,2025-03-15 19:25:50,41894,INR,Online,Declined,1,7
852,262,21,2024-12-30 01:18:57,56226,INR,POS,Pending,0,92
853,202,7,2025-08-15 03:43:52,30970,INR,Online,Pending,1,18
854,226,45,2025-08-12 02:37:58,45781,INR,ATM,Declined,0,48
855,276,12,2024-09-10 23:08:56,83759,INR,ATM,Approved,0,30
856,250,4,2025-01-29 11:05:39,66370,INR,Online,Declined,1,91
857,38,26,2025-04-11 08:11:07,16658,INR,Online,Pending,0,58
858,165,47,2024-10-12 06:27:25,31556,INR,ATM,Approved,1,86
859,192,38,2025-06-22 21:59:25,95685,INR,Online,Approved,0,90
860,231,21,2025-07-02 14:55:39,54436,INR,POS,Pending,0,66
861,252,28,2025-07-11 19:47:56,38568,INR,Online,Approved,0,72
862,58,20,2025-05-27 11:45:52,39635,INR,POS,Declined,0,38
863,9,25,2025-03-20 20:45:44,18995,INR,Online,Approved,0,12
864,258,31,2025-03-23 08:06:12,10251,INR,ATM,Approved,0,80
865,174,18,2025-01-16 01:21:02,54364,INR,ATM,Approved,0,43
866,79,12,2024-12-20 12:42:51,96598,INR,POS,Approved,0,45
867,130,48,2024-11-12 14:36:43,86107,INR,POS,Pending,0,21
868,138,29,2025-06-15 23:46:14,24987,INR,Online,Pending,1,75
869,167,50,2025-01-08 10:32:21,4703,INR,Online,Approved,0,9
870,22,9,2024-10-02 20:39:14,8010,INR,POS,Declined,1,90
871,13,8,2025-01-27 18:54:24,67445,INR,Online,Declined,0,90
872,27,48,2024-12-04 21:51:07,85079,INR,Online,Pending,0,72
873,215,19,2024-11-01 20:37:30,90450,INR,Online,Pending,1,74
874,64,10,2025-08-02 07:00:32,66728,INR,ATM,Declined,0,8
875,71,28,2025-07-31 03:22:57,14433,INR,ATM,Approved,1,4
876,291,20,2025-05-08 18:21:29,75833,INR,ATM,Declined,0,64
877,158,16,2025-03-24 05:19:29,51100,INR,POS,Pending,1,42
878,178,36,2025-08-03 19:44:03,68444,INR,ATM,Declined,0,24
879,149,13,2024-10-19 01:25:39,73186,INR,Online,Pending,0,51
880,168,43,2024-11-04 19:50:52,96415,INR,ATM,Pending,0,51
881,41,15,2025-06-28 09:02:41,47903,INR,Online,Declined,0,12
882,298,25,2025-07-26 13:48:04,84103,INR,ATM,Declined,1,87
883,228,5,2024-11-20 09:29:16,93703,INR,ATM,Approved,1,77
884,185,8,2025-01-20 11:07:23,26683,INR,ATM,Pending,0,99
885,227,10,2025-05-06 04:36:19,43909,INR,ATM,Approved,0,26
886,258,35,2024-09-17 22:53:36,42676,INR,ATM,Pending,1,73
887,120,49,2025-01-03 02:39:32,79756,INR,Online,Approved,0,65
888,124,25,2025-02-06 06:12:45,43052,INR,POS,Approved,0,1
889,69,4,2025-01-22 17:25:35,54084,INR,ATM,Pending,0,64
890,218,5,2025-05-07 12:56:40,31793,INR,ATM,Declined,0,75
891,272,50,2025-02-14 11:36:07,27085,INR,ATM,Pending,0,24
892,65,40,2025-06-16 12:50:46,60425,INR,POS,Declined,0,16
893,38,37,2025-05-19 02:04:30,57666,INR,ATM,Pending,0,16
894,29,7,2025-05-12 16:22:38,43985,INR,Online,Pending,0,39
895,124,45,2025-03-18 06:43:08,33296,INR,POS,Declined,0,98
896,243,17,2025-03-12 04:25:24,41526,INR,Online,Pending,0,95
897,208,34,2025-03-14 04:37:02,56986,INR,ATM,Approved,0,21
898,43,4,2025-04-07 19:53:24,59813,INR,ATM,Pending,0,73
899,92,3,2025-03-01 16:41:13,29820,INR,ATM,Pending,0,21
900,68,6,2025-01-28 13:54:27,62151,INR,POS,Declined,0,33
901,211,34,2025-04-06 08:10:28,14879,INR,Online,Pending,0,62
902,99,40,2024-12-05 18:17:06,75827,INR,Online,Declined,0,86
903,79,3,2024-11-16 17:49:55,1842,INR,POS,Declined,0,83
904,254,16,2025-04-26 17:46:39,14652,INR,Online,Approved,0,96
905,298,9,2024-12-29 17:56:09,87421,INR,POS,Approved,0,96
906,230,9,2025-07-29 02:10:34,98918,INR,ATM,Declined,0,78
907,235,39,2025-02-03 19:26:02,61016,INR,ATM,Declined,0,84
908,115,27,2024-09-12 08:11:01,7326,INR,Online,Approved,1,59
909,209,15,2025-01-18 16:51:53,63327,INR,ATM,Approved,1,42
910,237,28,2024-09-07 04:49:39,11293,INR,ATM,Pending,1,76
911,8,45,2024-09-18 10:31:47,8333,INR,Online,Declined,1,75
912,174,32,2025-07-06 18:10:39,59423,INR,ATM,Declined,1,6
913,92,9,2025-07-10 08:07:09,51418,INR,ATM,Pending,0,15
914,108,28,2025-05-16 03:48:51,83805,INR,Online,Pending,0,14
915,45,38,2024-11-28 19:42:05,22388,INR,POS,Declined,0,22
916,78,8,2024-10-13 23:47:56,3268,INR,POS,Declined,1,47
917,44,2,2025-07-08 01:07:21,79485,INR,POS,Approved,0,68
918,101,12,2024-11-04 22:50:03,81337,INR,Online,Approved,0,60
919,234,26,2025-01-29 18:54:44,67752,INR,ATM,Approved,1,5
920,122,7,2025-09-02 22:02:41,36744,INR,ATM,Declined,1,91
921,97,24,2024-09-19 02:42:21,52032,INR,POS,Declined,0,55
922,139,29,2024-09-23 15:19:32,49983,INR,Online,Approved,0,54
923,213,36,2025-02-12 04:06:41,96382,INR,Online,Pending,0,86
924,5,16,2025-06-22 06:14:42,48787,INR,POS,Declined,0,34
925,209,2,2025-06-02 20:31:17,68966,INR,Online,Declined,1,59
926,259,45,2025-03-10 14:18:08,69828,INR,ATM,Approved,0,13
927,102,15,2025-04-11 20:40:24,2202,INR,ATM,Approved,0,20
928,242,11,2025-04-25 18:11:46,64262,INR,Online,Declined,0,55
929,5,49,2025-03-22 14:37:53,47753,INR,ATM,Pending,1,22
930,146,39,2025-04-28 18:10:19,63223,INR,Online,Declined,0,54
931,184,16,2025-02-04 13:53:32,75254,INR,POS,Declined,0,19
932,261,8,2025-01-24 12:45:39,45853,INR,POS,Approved,0,66
933,122,35,2024-11-04 16:17:59,22584,INR,Online,Declined,1,62
934,110,32,2025-01-24 20:03:32,60487,INR,ATM,Approved,0,84
935,94,31,2025-07-23 20:13:50,63944,INR,POS,Approved,0,29
936,22,3,2024-09-17 00:50:35,25729,INR,POS,Pending,0,47
937,142,11,2025-06-22 02:06:02,70255,INR,POS,Declined,1,84
938,132,37,2025-07-15 19:19:22,54027,INR,ATM,Pending,1,31
939,278,17,2025-05-22 03:24:42,88850,INR,Online,Approved,0,58
940,249,45,2024-09-25 17:07:01,56696,INR,POS,Pending,0,25
941,149,13,2025-03-29 22:32:04,37672,INR,POS,Declined,1,20
942,99,45,2025-05-12 15:50:58,51342,INR,Online,Pending,0,26
943,95,39,2025-07-08 02:30:08,3138,INR,ATM,Pending,0,71
944,171,48,2024-09-23 21:12:11,95414,INR,ATM,Approved,0,3
945,194,3,2025-01-19 14:03:07,85837,INR,Online,Approved,0,5
946,18,30,2025-01-18 10:46:18,30355,INR,ATM,Pending,0,74
947,112,38,2025-04-04 07:02:20,47203,INR,ATM,Approved,1,94
948,101,18,2025-05-30 09:31:33,34732,INR,ATM,Declined,0,86
949,225,14,2025-06-22 21:45:36,86645,INR,POS,Approved,0,13
950,76,38,2025-08-28 12:31:30,2534,INR,Online,Pending,0,83
951,160,5,2025-05-20 21:53:17,31574,INR,POS,Pending,0,30
952,175,48,2024-11-29 10:56:46,31495,INR,POS,Declined,0,69
953,64,31,2024-12-17 00:32:37,1329,INR,ATM,Pending,0,27
954,115,2,2025-08-30 03:44:43,79280,INR,Online,Pending,1,94
955,113,39,2024-11-23 08:56:54,60261,INR,ATM,Approved,1,88
956,87,30,2024-10-03 00:40:35,91501,INR,ATM,Declined,0,97
957,260,50,2024-12-18 13:05:24,62529,INR,Online,Approved,0,69
958,61,16,2024-12-12 23:02:08,85742,INR,ATM,Declined,1,92
959,159,33,2024-11-21 01:34:09,43022,INR,Online,Pending,0,89
960,42,3,2025-05-04 02:25:47,77140,INR,ATM,Approved,0,91
961,264,25,2025-02-19 11:59:20,9062,INR,POS,Declined,0,64
962,43,38,2025-08-07 21:03:56,50432,INR,Online,Pending,0,55
963,164,28,2025-02-19 19:04:26,13009,INR,POS,Approved,0,26
964,77,38,2025-05-06 08:59:12,14669,INR,ATM,Approved,0,68
965,132,13,2025-05-17 21:32:49,7551,INR,POS,Declined,1,26
966,234,28,2025-06-24 17:01:41,82665,INR,ATM,Declined,0,40
967,220,25,2025-01-17 14:48:44,58735,INR,POS,Pending,0,71
968,196,5,2025-04-29 17:27:34,37054,INR,Online,Pending,0,93
969,244,23,2024-09-13 17:00:33,60602,INR,Online,Pending,0,33
970,60,8,2024-09-17 01:22:55,25725,INR,ATM,Approved,0,55
971,258,49,2025-01-16 22:13:50,48140,INR,Online,Pending,0,5
972,90,25,2025-02-02 02:47:02,55119,INR,Online,Declined,0,91
973,184,44,2024-10-31 01:34:36,90153,INR,ATM,Declined,0,35
974,238,24,2025-09-01 10:59:28,47750,INR,Online,Approved,0,41
975,291,33,2024-12-04 15:22:18,73170,INR,POS,Pending,0,12
976,83,4,2024-11-16 17:28:18,16025,INR,Online,Approved,0,68
977,48,19,2025-08-31 16:16:24,1109,INR,Online,Approved,0,37
978,185,2,2024-10-27 14:25:27,95097,INR,ATM,Declined,0,27
979,81,39,2025-04-11 18:43:26,80305,INR,Online,Pending,0,71
980,159,1,2025-02-13 11:04:48,62002,INR,Online,Approved,1,81
981,79,7,2025-08-10 20:46:47,66362,INR,Online,Declined,1,9
982,179,44,2025-03-29 12:06:57,26761,INR,POS,Pending,0,56
983,269,10,2025-09-01 13:15:55,73307,INR,POS,Approved,1,99
984,40,21,2024-10-07 00:13:00,36052,INR,POS,Pending,1,79
985,227,29,2025-03-24 05:17:41,83024,INR,Online,Approved,1,61
986,257,46,2025-06-06 18:33:52,48465,INR,ATM,Approved,0,9
987,5,25,2025-05-28 12:56:03,48361,INR,Online,Pending,0,83
988,255,4,2025-05-31 01:56:00,76942,INR,ATM,Declined,1,40
989,39,26,2025-06-03 12:38:08,90734,INR,Online,Pending,0,100
990,34,48,2024-11-30 14:15:27,28668,INR,ATM,Pending,0,59
991,173,31,2025-07-23 11:46:52,55350,INR,POS,Pending,1,53
992,109,39,2025-06-08 01:19:51,95799,INR,Online,Pending,0,88
993,38,17,2024-12-20 00:15:33,44478,INR,ATM,Declined,0,18
994,206,14,2024-12-21 18:05:05,24493,INR,ATM,Pending,0,52
995,12,45,2025-03-06 03:49:52,87874,INR,Online,Declined,0,89
996,257,28,2025-04-16 21:32:01,24161,INR,ATM,Approved,0,83
997,99,2,2025-01-08 20:38:08,2110,INR,POS,Approved,1,29
998,293,19,2024-11-08 18:35:45,52142,INR,POS,Declined,0,100
999,104,17,2025-08-20 23:00:06,29678,INR,Online,Declined,0,7
1000,77,40,2024-11-15 05:18:26,51146,INR,ATM,Approved,0,25
